title,content_url,p_date,read_num,like_num,comment_num,reward_num,author,c_date,u_date,source_url
为什么我推荐你学习数据分析,http://mp.weixin.qq.com/s?__biz=MjM5MzgyODQxMQ==&mid=2650367809&idx=1&sn=ad211dde94dd06b1282a5df48afb1da6&chksm=be9cdc1589eb5503890840bad00f6be0d86325bdcca0880c83107db7ce17fbec9cb2719d28fa&scene=27#wechat_redirect,2018-01-15T19:59:14.000Z,3549,22,0,0,刘志军,2018-01-17T17:59:46.971Z,2018-01-17T18:10:51.270Z,
推荐几个公众号（文末彩蛋）,http://mp.weixin.qq.com/s?__biz=MjM5MzgyODQxMQ==&mid=2650367799&idx=1&sn=afd47703d8bfd41f547c3916a25a4922&chksm=be9cdc6389eb5575f75e424c2351969e3d6b066cb1d60466d4865381f8de5d41867ca2a526b1&scene=27#wechat_redirect,2018-01-12T12:13:55.000Z,4866,37,0,0,刘志军,2018-01-17T17:59:47.587Z,2018-01-17T18:10:52.477Z,
普通程序员的逆袭：如何学习数据挖掘与人工智能,http://mp.weixin.qq.com/s?__biz=MjM5MzgyODQxMQ==&mid=2650367790&idx=1&sn=4381bcfa32be5b15ab0a8fe0ba563288&chksm=be9cdc7a89eb556c70274da6e26b09336411f2932ac077b0c62662768814199b6d26444d3145&scene=27#wechat_redirect,2018-01-11T21:06:24.000Z,3582,14,0,0,万门大学,2018-01-17T17:59:47.591Z,2018-01-17T18:10:53.668Z,
这10个题，有 68% 的人答不对,http://mp.weixin.qq.com/s?__biz=MjM5MzgyODQxMQ==&mid=2650367777&idx=1&sn=e050a88ee55155e1a4ba310c070a84e3&chksm=be9cdc7589eb55634442240db79a3c96e8fca9e3359e3b4715dc43fc899809726713b752adc7&scene=27#wechat_redirect,2018-01-10T07:31:18.000Z,3643,49,0,1,刘志军,2018-01-17T17:59:47.593Z,2018-01-17T18:03:39.592Z,
Python知识冲顶大会,http://mp.weixin.qq.com/s?__biz=MjM5MzgyODQxMQ==&mid=2650367768&idx=1&sn=18b9b3e36be8f7c0476e5bb9a699454c&chksm=be9cdc4c89eb555a975609bb246fbb006a7625ccbae6d3065bf0639d595fc43745d2a22eadb9&scene=27#wechat_redirect,2018-01-08T08:00:00.000Z,5308,30,0,0,刘志军,2018-01-17T17:59:47.596Z,2018-01-17T18:10:54.908Z,
最新技能 get：用 AI 玩微信跳一跳，自动刷分可破 10000 分,http://mp.weixin.qq.com/s?__biz=MjM5MzgyODQxMQ==&mid=2650367751&idx=1&sn=461393c2cbd1d357bcb7cc5103ac2cd0&chksm=be9cdc5389eb55458d7733bfa787baa40996316625e610bfc86f84d4600077614895550523de&scene=27#wechat_redirect,2018-01-05T16:30:00.000Z,8078,75,0,0,安捷,2018-01-17T17:59:47.599Z,2018-01-17T18:03:41.964Z,https://github.com/Prinsphield/Wechat_AutoJump
基于Python实现微信公众号爬虫进行数据分析,http://mp.weixin.qq.com/s?__biz=MjM5MzgyODQxMQ==&mid=2650367737&idx=1&sn=b96e294cba82e789337383b94ee6ee40&chksm=be9cddad89eb54bb3963d3945ce23a5a0c954f9ed487b4dca426f0393c7022fef7e37b48f145&scene=27#wechat_redirect,2018-01-04T08:00:00.000Z,4270,53,0,0,刘志军,2018-01-17T17:59:47.601Z,2018-01-17T18:03:43.169Z,https://juejin.im/book/5a157c155188254a701eb3c1
2017年，感谢你们，2018年，我们继续努力前行,http://mp.weixin.qq.com/s?__biz=MjM5MzgyODQxMQ==&mid=2650367727&idx=1&sn=08ce54f6f36873e74c638421012bb495&chksm=be9cddbb89eb54ad436af5c27c0d0db06da7e3aec613a33dd99f935d684a77b555241207f1ba&scene=27#wechat_redirect,2018-01-01T16:44:53.000Z,1562,42,0,2,刘志军,2018-01-17T17:59:47.603Z,2018-01-17T18:03:44.398Z,
2018许愿墙,http://mp.weixin.qq.com/s?__biz=MjM5MzgyODQxMQ==&mid=2650367727&idx=2&sn=8e182425ff20fdb899a0b934e588d359&chksm=be9cddbb89eb54adf893738e517a68d8dffa5c8d41d6bee0f8388a858c890685b53d35193dc9&scene=27#wechat_redirect,2018-01-01T16:44:53.000Z,792,4,0,0,刘志军,2018-01-17T17:59:47.605Z,2018-01-17T18:03:45.605Z,
2018 年，学点人工智能（赠书8本）,http://mp.weixin.qq.com/s?__biz=MjM5MzgyODQxMQ==&mid=2650367720&idx=1&sn=87e32a97392f320c17960c31f1035182&chksm=be9cddbc89eb54aa0277dd7e79acbb7fc44319156b0ec59ff9e9b30ffdac18489b10b663c7c2&scene=27#wechat_redirect,2017-12-29T08:00:00.000Z,6353,137,0,45,刘志军,2018-01-17T17:59:47.608Z,2018-01-17T18:03:46.942Z,
5个酷毙的Python工具,http://mp.weixin.qq.com/s?__biz=MjM5MzgyODQxMQ==&mid=2650367705&idx=1&sn=383a333fa155cfd08cbc1c09df5f14d2&chksm=be9cdd8d89eb549bdd747adab7d9934c7135d914e3f39ab4874deec556b416a369a36cb13a8f&scene=27#wechat_redirect,2017-12-27T08:00:00.000Z,8443,39,0,0,刘志军,2018-01-17T17:59:49.965Z,2018-01-17T18:03:48.147Z,
Python语言的2017年终总结,http://mp.weixin.qq.com/s?__biz=MjM5MzgyODQxMQ==&mid=2650367689&idx=1&sn=fa6fc5c58456cbd4e60001582ae28a78&chksm=be9cdd9d89eb548bc2eeb14108131dce3c8572b66a26a9684e35af4ba4e2c152ab1733af6fbd&scene=27#wechat_redirect,2017-12-25T08:24:12.000Z,7446,56,0,1,刘志军,2018-01-17T17:59:49.966Z,2018-01-17T18:03:49.372Z,
关于正则表达式的5个小贴士,http://mp.weixin.qq.com/s?__biz=MjM5MzgyODQxMQ==&mid=2650367680&idx=1&sn=2e8ef8bcf4dc176c46376508cb5a8fa7&chksm=be9cdd9489eb54822dc5993ff71050ca9011aff07fdf642b3eccdee7e20dc2efad9f21fb1a63&scene=27#wechat_redirect,2017-12-22T08:02:56.000Z,3561,27,0,3,刘志军,2018-01-17T17:59:49.967Z,2018-01-17T18:03:50.605Z,http://t.cn/RTEptSV
微软考虑将 Python 作为 Excel 官方脚本语言,http://mp.weixin.qq.com/s?__biz=MjM5MzgyODQxMQ==&mid=2650367667&idx=1&sn=324d6f7797e9dfc4ba88215b1de0bdde&chksm=be9cdde789eb54f1fba3da5d203574788c4cdc4db54c4c0fcf32d7adf23691396dc0f117cfd9&scene=27#wechat_redirect,2017-12-17T16:57:23.000Z,8628,66,0,0,刘志军,2018-01-17T17:59:49.968Z,2018-01-17T18:03:51.791Z,https://excel.uservoice.com/forums/304921-excel-for-windows-desktop-application/suggestions/10549005-python-as-an-excel-scripting-language
零基础如何自学Python,http://mp.weixin.qq.com/s?__biz=MjM5MzgyODQxMQ==&mid=2650367659&idx=1&sn=e262863c146a95e2215163737c6e4926&chksm=be9cddff89eb54e92698122fe334b18581321512a126fd1e6ff304c1968bed12ffb1267fd570&scene=27#wechat_redirect,2017-12-15T07:50:00.000Z,6811,124,0,6,刘志军,2018-01-17T17:59:49.969Z,2018-01-17T18:03:53.049Z,
在微信看优质内容，还可以关注这 10 个公众号,http://mp.weixin.qq.com/s?__biz=MjM5MzgyODQxMQ==&mid=2650367659&idx=2&sn=be5f19fb68fdcad97d4bfa4f27e718ca&chksm=be9cddff89eb54e9617aefa0a95952d16dc43053936eadbd89a459acbbc7988c6dc03e28747b&scene=27#wechat_redirect,2017-12-15T07:50:00.000Z,1661,16,0,0,爱你们的,2018-01-17T17:59:49.970Z,2018-01-17T18:03:54.250Z,
46岁编程女侠，4个月搞定深度学习，她的经历可以复制吗？,http://mp.weixin.qq.com/s?__biz=MjM5MzgyODQxMQ==&mid=2650367644&idx=1&sn=9951edf4e9bfebcdaa7dd66a639befea&chksm=be9cddc889eb54de36a00865dcd15f9cf906d1868430dd62f1fe550b55e713b333344811e717&scene=27#wechat_redirect,2017-12-13T08:09:08.000Z,4233,12,0,0,优达学城,2018-01-17T17:59:49.970Z,2018-01-17T18:03:55.467Z,https://cn.udacity.com/course/deep-learning-nanodegree-foundation--nd101-cn/?utm_source=VTtalk&utm_medium=wechat&utm_campaign=DLND09
“网红”  Python，\b疯狂打 call,http://mp.weixin.qq.com/s?__biz=MjM5MzgyODQxMQ==&mid=2650367634&idx=1&sn=ec23c954f7adad842d706c2ec687a35e&chksm=be9cddc689eb54d07cd27f260f8ce7bf48d5702dc59a7f9b32725a7fd02d8b4a34f58382e4f5&scene=27#wechat_redirect,2017-12-12T07:44:57.000Z,6024,25,0,1,刘志军,2018-01-17T17:59:49.971Z,2018-01-17T18:03:56.698Z,
用 Python 处理 HTML 转义字符的5种方式,http://mp.weixin.qq.com/s?__biz=MjM5MzgyODQxMQ==&mid=2650367619&idx=1&sn=0ce381e43cbbe4b0646d0214e461ce16&chksm=be9cddd789eb54c1838716d0a00fee71c2d1b1f42b09603af937ee9b274adf50b652bc88720f&scene=27#wechat_redirect,2017-12-11T08:10:29.000Z,2297,27,0,1,刘志军,2018-01-17T17:59:49.972Z,2018-01-17T18:03:57.936Z,
MySQL书单推荐+赠书 5 本,http://mp.weixin.qq.com/s?__biz=MjM5MzgyODQxMQ==&mid=2650367605&idx=1&sn=1d8d50d40c5c972b5247e82116b0b97b&chksm=be9cdd2189eb543761cd981325d15acd9871a7a76002ba3ab32d09d5beaf3b5dcbb5cb3cca8c&scene=27#wechat_redirect,2017-12-07T19:08:25.000Z,3741,103,0,6,福利不断的,2018-01-17T17:59:49.973Z,2018-01-17T18:03:59.189Z,
千万不要在程序员群问代码……,http://mp.weixin.qq.com/s?__biz=MjM5MzgyODQxMQ==&mid=2650367605&idx=2&sn=f205afd10e7e525847720a6741f27141&chksm=be9cdd2189eb543755f1248efaed0ec02220a779e3759e9bbe66e5499e412f65dcb3ef469fec&scene=27#wechat_redirect,2017-12-07T19:08:25.000Z,3782,37,0,0,西乔,2018-01-17T17:59:49.974Z,2018-01-17T18:04:00.397Z,
数据分析，化解2017年焦虑的最后一课,http://mp.weixin.qq.com/s?__biz=MjM5MzgyODQxMQ==&mid=2650367583&idx=1&sn=5b318064a30c6d0f673c1e4aa485f342&chksm=be9cdd0b89eb541d4c095e617c2e2a309884f16090614ed16d5580f5f7b486f45d1e8897f445&scene=27#wechat_redirect,2017-12-06T08:03:18.000Z,2098,13,0,0,DC学院,2018-01-17T17:59:52.175Z,2018-01-17T18:04:01.584Z,https://kdt.im/eextSh
用 Python 连接 MySQL 的几种姿势,http://mp.weixin.qq.com/s?__biz=MjM5MzgyODQxMQ==&mid=2650367582&idx=1&sn=797a2ecac2e9bbb895eef1719d8d852d&chksm=be9cdd0a89eb541c3af1629bf964f1f89c932ce1dc1fcb01cb9d07d0ff60248dd80a5b884fd4&scene=27#wechat_redirect,2017-12-05T11:42:30.000Z,4059,70,0,0,刘志军,2018-01-17T17:59:52.179Z,2018-01-17T18:04:02.809Z,
有人对他说：如果连 Python 都学不会，你就不要学编程了,http://mp.weixin.qq.com/s?__biz=MjM5MzgyODQxMQ==&mid=2650367573&idx=1&sn=1ca82e926d5a5fed623cdd9fb1946aed&chksm=be9cdd0189eb5417842e4df4965b5c9af33ae5ccc650a184a73d4c02a42fe9a594959e17fd85&scene=27#wechat_redirect,2017-12-03T20:02:53.000Z,3345,17,0,0,侯爵,2018-01-17T17:59:52.182Z,2018-01-17T18:04:04.001Z,http://mooc.study.163.com/smartSpec/detail/1001180001.htm?utm_source=weixin.qq.com&utm_medium=weixinkol&utm_content=pythonzc&utm_campaign=smartspec_jinyun
​11月赠书福利中奖结果出炉,http://mp.weixin.qq.com/s?__biz=MjM5MzgyODQxMQ==&mid=2650367566&idx=1&sn=692295d1c53bd4054adf34c71b1073f7&chksm=be9cdd1a89eb540c383985ed857b6e56394e44d3f6dd304bbc1f77647f050de911f608904f88&scene=27#wechat_redirect,2017-12-02T09:19:59.000Z,2278,31,0,2,刘志军,2018-01-17T17:59:52.186Z,2018-01-17T18:04:05.229Z,
零基础如何用3个月入门Python机器学习,http://mp.weixin.qq.com/s?__biz=MjM5MzgyODQxMQ==&mid=2650367558&idx=1&sn=b8be74571b14f78d80c062ded89b2d4a&chksm=be9cdd1289eb5404f1b423a135ce5adf5d2cf802a09014b6f407c96b40fdc88ce6e4e0ed8665&scene=27#wechat_redirect,2017-11-30T08:00:00.000Z,4167,68,0,0,2252377210,2018-01-17T17:59:52.189Z,2018-01-17T18:04:06.427Z,
小白科普：Python代码是编译执行还是解释执行？,http://mp.weixin.qq.com/s?__biz=MjM5MzgyODQxMQ==&mid=2650367554&idx=1&sn=afd53359d43c3851d2cf461f03634abd&chksm=be9cdd1689eb5400bde3b112da4ac8c3df7d5fb96d67a07697c6c761bd2c0205f4f00247d939&scene=27#wechat_redirect,2017-11-29T07:30:00.000Z,2802,43,0,1,刘志军,2018-01-17T17:59:52.192Z,2018-01-17T18:04:07.640Z,
11月赠书，总共10本，附Python书单,http://mp.weixin.qq.com/s?__biz=MjM5MzgyODQxMQ==&mid=2650367553&idx=1&sn=9b8cb62d298db023b8a87da22e352b06&chksm=be9cdd1589eb54031db61cd4047c0effbc4a02db346a98d5410539ed48bede063c98fb8a1fe3&scene=27#wechat_redirect,2017-11-28T08:00:00.000Z,6485,190,0,16,刘志军&图灵教育,2018-01-17T17:59:52.195Z,2018-01-17T18:04:08.965Z,https://github.com/pythonzhichan/DailyQuestion
你的工资基础决定你的前途,http://mp.weixin.qq.com/s?__biz=MjM5MzgyODQxMQ==&mid=2650367551&idx=1&sn=b76c0addad98f01d76911bcab536c39b&chksm=be9cdd6b89eb547d88c48535c4aab6864b5a18c926af0aec47cc458787f318a0b9a2ff377515&scene=27#wechat_redirect,2017-11-27T08:06:54.000Z,4640,22,0,0,潭州教育,2018-01-17T17:59:52.198Z,2018-01-17T18:04:10.159Z,
Python奇技淫巧，看看你知道几个,http://mp.weixin.qq.com/s?__biz=MjM5MzgyODQxMQ==&mid=2650367540&idx=1&sn=ef9c6353a9255dbc00e2beac7f449dad&chksm=be9cdd6089eb5476e5d96e7fb9bd50869a1ccd88c70cee998a7dd18050751ceb880e62449cda&scene=27#wechat_redirect,2017-11-23T12:13:30.000Z,5256,47,0,3,刘志军,2018-01-17T17:59:52.201Z,2018-01-17T18:04:11.397Z,
一个“牛逼”的 Python 命令行解析库,http://mp.weixin.qq.com/s?__biz=MjM5MzgyODQxMQ==&mid=2650367536&idx=1&sn=011a7d226a704d4f89558ca189542c59&chksm=be9cdd6489eb54720a90e44083faeda96accb83afa4dea37c4ed30aa2df67518bffd897327e1&scene=27#wechat_redirect,2017-11-20T08:16:00.000Z,4242,40,0,0,刘志军,2018-01-17T17:59:52.203Z,2018-01-17T18:04:12.607Z,http://wot.51cto.com/act/2017/development/page/user-form
What the fuck Python,http://mp.weixin.qq.com/s?__biz=MjM5MzgyODQxMQ==&mid=2650367529&idx=1&sn=619cf47c4e3e47c683c0e7d2aa4c8754&chksm=be9cdd7d89eb546b7584c75b0b919fbe4a129ec2d52c555487e46a9423674fe7e2d10df6d774&scene=27#wechat_redirect,2017-11-15T11:57:00.000Z,3766,82,0,7,刘志军,2018-01-17T17:59:54.406Z,2018-01-17T18:04:13.881Z,
推荐几个公众号,http://mp.weixin.qq.com/s?__biz=MjM5MzgyODQxMQ==&mid=2650367524&idx=1&sn=2a0e974d6dfb2ffd4ce4d09a60a5e914&chksm=be9cdd7089eb5466050534a7e39de4933fa059f6d4dd8ab206d0c690e7bc07c4c74d49f09fc4&scene=27#wechat_redirect,2017-11-12T14:55:30.000Z,7726,105,0,7,刘志军,2018-01-17T17:59:54.408Z,2018-01-17T18:04:15.153Z,
一篇文章讲清楚人工智能、机器学习和深度学习的区别与联系,http://mp.weixin.qq.com/s?__biz=MjM5MzgyODQxMQ==&mid=2650367524&idx=2&sn=6a302b7871c4e2b1649dcc183ca44f39&chksm=be9cdd7089eb5466665e15056ea21e010f1b212c16eaeb753f18efefca7a13a43bd0b29ab67e&scene=27#wechat_redirect,2017-11-12T14:55:30.000Z,1224,4,0,0,深蓝学院,2018-01-17T17:59:54.409Z,2018-01-17T18:04:16.342Z,
Fibonacci 斐波那契数列的几种写法、时间复杂度对比,http://mp.weixin.qq.com/s?__biz=MjM5MzgyODQxMQ==&mid=2650367512&idx=1&sn=efd8c737e353aab35a2fe8eeb322f70e&chksm=be9cdd4c89eb545a3b810e53ca77a4f5008ba6f18f89881358476aaa9a7172eb26873b719a3c&scene=27#wechat_redirect,2017-11-11T12:26:32.000Z,2381,27,0,3,刘志军,2018-01-17T17:59:54.410Z,2018-01-17T18:04:17.580Z,http://open.163.com/movie/2014/2/N/O/M9HKRT25D_M9HNA0UNO.html
什么时候使用 namedtuple,http://mp.weixin.qq.com/s?__biz=MjM5MzgyODQxMQ==&mid=2650367509&idx=1&sn=e09954074f4aa669d7e95661910d7b72&chksm=be9cdd4189eb54575a6dbfd2457813154bfe018b2cbacee67464ab0fa3059e6eb8c65ccf631b&scene=27#wechat_redirect,2017-11-10T08:00:00.000Z,1518,34,0,0,\b刘志军,2018-01-17T17:59:54.412Z,2018-01-17T18:04:18.808Z,
Python除了不会生孩子，什么都会,http://mp.weixin.qq.com/s?__biz=MjM5MzgyODQxMQ==&mid=2650367503&idx=1&sn=501c35885688b13cab612c0e789220a6&chksm=be9cdd5b89eb544d47422012d77581f67c93deb285612f809bc3cf366aa4de85f860ba134237&scene=27#wechat_redirect,2017-11-09T21:09:37.000Z,3367,25,0,0,深蓝学院,2018-01-17T17:59:54.413Z,2018-01-17T18:04:20.012Z,
关于Python爬虫，这里有一条高效的学习路径,http://mp.weixin.qq.com/s?__biz=MjM5MzgyODQxMQ==&mid=2650367485&idx=1&sn=13ae8e44e4bcf1c952d2626ee6e3d858&chksm=be9cdea989eb57bf646e3f54a99384347df1a943a25f1c0d774fd9c67a2d59e3eebde65f031b&scene=27#wechat_redirect,2017-11-07T08:07:52.000Z,4393,36,0,0,,2018-01-17T17:59:54.414Z,2018-01-17T18:04:21.214Z,https://kdt.im/GNRb0h
烂产品只会感动自己，好产品是成就用户,http://mp.weixin.qq.com/s?__biz=MjM5MzgyODQxMQ==&mid=2650367484&idx=1&sn=712154ec973a18dbc94099e6696babfc&chksm=be9cdea889eb57be9818b55c96473a140e558398f3e527aafa009001093ab1fb6cb864c32e6e&scene=27#wechat_redirect,2017-11-06T19:50:54.000Z,1386,32,0,3,刘志军,2018-01-17T17:59:54.415Z,2018-01-17T18:04:22.514Z,https://union-click.jd.com/jdc?d=43yMYw
一篇文章讲清楚人工智能、机器学习和深度学习的区别与联系,http://mp.weixin.qq.com/s?__biz=MjM5MzgyODQxMQ==&mid=2650367477&idx=1&sn=44b0b0198b866b7a7e0fc19233007af7&chksm=be9cdea189eb57b722001ac800f6a992c91e68f9315da2b4db23fff4e9f838724996eaeebc14&scene=27#wechat_redirect,2017-11-05T20:00:41.000Z,2196,18,0,0,深蓝学院,2018-01-17T17:59:54.416Z,2018-01-17T18:04:23.707Z,
Python入门后再看点什么好？,http://mp.weixin.qq.com/s?__biz=MjM5MzgyODQxMQ==&mid=2650367476&idx=1&sn=66b6c3b9a8786449e68fe3ca1f3bc8ae&chksm=be9cdea089eb57b68b3d70aaeed4aba226d1f711ac9a2dc2e5261933d997fa1dba6b76a80a8b&scene=27#wechat_redirect,2017-11-04T11:18:27.000Z,4418,70,0,7,刘志军,2018-01-17T17:59:54.418Z,2018-01-17T18:04:25.021Z,https://t.xiaomiquan.com/IUFmuFu
程序员30岁突破年薪天花板，从未如此简单,http://mp.weixin.qq.com/s?__biz=MjM5MzgyODQxMQ==&mid=2650367470&idx=1&sn=3428b95e4cb312aac6887ef84f0fb782&chksm=be9cdeba89eb57ac053741b53aab10dbcce9b557bc31eca14c700ee148e29f672805d97c582e&scene=27#wechat_redirect,2017-11-03T08:00:00.000Z,2585,13,0,0,Udacity,2018-01-17T17:59:54.419Z,2018-01-17T18:04:26.207Z,http://cn.udacity.com/1111/?utm_source=VTtalk&utm_medium=wechat&utm_campaign=2017_1111
Python陷阱：为什么不能用可变对象作为函数的默认参数值,http://mp.weixin.qq.com/s?__biz=MjM5MzgyODQxMQ==&mid=2650367466&idx=1&sn=20fc603007296ae645f6b4c7f3ca6c5e&chksm=be9cdebe89eb57a83034c012d66269759f61ddd42449c0d965ad006a2d736c34aa45cbeeef60&scene=27#wechat_redirect,2017-11-02T18:01:31.000Z,1671,27,0,1,刘志军,2018-01-17T17:59:56.711Z,2018-01-17T18:04:27.426Z,
推荐一波Python书单,http://mp.weixin.qq.com/s?__biz=MjM5MzgyODQxMQ==&mid=2650367449&idx=1&sn=c0f0699e727ea3becda923c4aeb0a566&chksm=be9cde8d89eb579b78d452bd88416bd9f21a0ffd79dc2cca1c6bbe46355ced25f2ec4d125fb3&scene=27#wechat_redirect,2017-10-31T17:45:37.000Z,6659,82,0,3,刘志军,2018-01-17T17:59:56.712Z,2018-01-17T18:04:28.707Z,https://t.xiaomiquan.com/IUFmuFu
自学Python编程怎么学才不那么孤独,http://mp.weixin.qq.com/s?__biz=MjM5MzgyODQxMQ==&mid=2650367413&idx=1&sn=637de06b162c21605eef3db41ee4a1bb&chksm=be9cdee189eb57f78994371ce1b5b42656bf77160eeee592507df06bae0cea58b542aeabe0a4&scene=27#wechat_redirect,2017-10-24T08:36:40.000Z,5763,100,0,83,刘志军,2018-01-17T17:59:56.713Z,2018-01-17T18:04:30.116Z,
图解Python变量与赋值,http://mp.weixin.qq.com/s?__biz=MjM5MzgyODQxMQ==&mid=2650367407&idx=1&sn=ca922dfe5a0b17b8e0407f4460a2241a&chksm=be9cdefb89eb57ed3c662a8b28caa6341e454a6d137bf9b08a8f938646a590fad8f5b5650c5e&scene=27#wechat_redirect,2017-10-20T17:42:41.000Z,2984,59,0,8,刘志军,2018-01-17T17:59:56.714Z,2018-01-17T18:04:31.369Z,
如何选择一门编程语言？,http://mp.weixin.qq.com/s?__biz=MjM5MzgyODQxMQ==&mid=2650367391&idx=1&sn=09ba52041fd69603040b5c2ecd85b979&chksm=be9cdecb89eb57dda32cfb0b96f6ff430d0b6de68e79c265061163c6dbad5e86e53ebe05f73b&scene=27#wechat_redirect,2017-10-17T08:30:12.000Z,2820,39,0,3,刘志军,2018-01-17T17:59:56.715Z,2018-01-17T18:04:32.599Z,
变味的 PyCon China，推荐一下北京的Python开发者活动,http://mp.weixin.qq.com/s?__biz=MjM5MzgyODQxMQ==&mid=2650367388&idx=1&sn=615ed9ab9578a6db901e574afed99575&chksm=be9cdec889eb57de357e5c54ea9caa0e8f3b9bde425865ccc0609d88299b604b69f161193d38&scene=27#wechat_redirect,2017-10-15T16:08:32.000Z,2474,34,0,0,刘志军,2018-01-17T17:59:56.715Z,2018-01-17T18:04:33.825Z,http://www.huodongxing.com/event/1408930902000
编程零基础，如何成为未来的无人车工程师？,http://mp.weixin.qq.com/s?__biz=MjM5MzgyODQxMQ==&mid=2650367379&idx=1&sn=1560c26589e1e53e69e5b7ba2ae8f48d&chksm=be9cdec789eb57d105e5a374873d1efa9db41cd98ce96abd924d53f2204dd6737a990a349134&scene=27#wechat_redirect,2017-10-13T08:04:08.000Z,1645,5,0,0,Udacity,2018-01-17T17:59:56.716Z,2018-01-17T18:04:35.008Z,https://cn.udacity.com/dlnd/?utm_source=VTtalk&utm_medium=wechat&utm_campaign=DLND06
Pycharm中一些不为人知的技巧,http://mp.weixin.qq.com/s?__biz=MjM5MzgyODQxMQ==&mid=2650367378&idx=1&sn=e1ad472a10bd0779c7e1a34cc7dbd7bb&chksm=be9cdec689eb57d049afffd9f8477b2b73c6d17bbd2f0b69363a94f5f385525c8e17a461a38d&scene=27#wechat_redirect,2017-10-12T18:11:11.000Z,4141,45,0,2,刘志军,2018-01-17T17:59:56.717Z,2018-01-17T18:04:36.228Z,
第6期赠书中奖结果公布,http://mp.weixin.qq.com/s?__biz=MjM5MzgyODQxMQ==&mid=2650367360&idx=1&sn=969043ec7776c8d17981a8faeae0c5ac&chksm=be9cded489eb57c293a29953e38cda8923b3e2549bf79a47a3267db2d99703733420642a7181&scene=27#wechat_redirect,2017-10-11T17:40:00.000Z,1606,31,0,0,刘志军,2018-01-17T17:59:56.718Z,2018-01-17T18:11:05.027Z,
听说你想做AI工程师,http://mp.weixin.qq.com/s?__biz=MjM5MzgyODQxMQ==&mid=2650367356&idx=1&sn=65d425b6cf47e3b6cd4e2851af4ff8e3&chksm=be9cde2889eb573e7baf0104a6e80299b28a34fcda18805b29b7e4a5dbdbf5c1585d4f94a80f&scene=27#wechat_redirect,2017-09-30T09:25:54.000Z,2884,15,0,0,,2018-01-17T17:59:56.718Z,2018-01-17T18:11:06.224Z,http://activity.geekbang.org/stuq/ai-17-oct/?hmsr=16&hmpl=&hmcu=&hmkw=&hmci=
入门 Python 要多久?,http://mp.weixin.qq.com/s?__biz=MjM5MzgyODQxMQ==&mid=2650367351&idx=1&sn=5e0f7f76a70f9063b96ad8acd0647dfe&chksm=be9cde2389eb5735164f0dfb8f300236ac1693392b924ec3eef73236716d4f91e2f07f8b6ac7&scene=27#wechat_redirect,2017-09-29T08:01:36.000Z,4200,14,0,0,,2018-01-17T17:59:58.914Z,2018-01-17T18:11:07.443Z,http://t.cn/R0KgI60
[荐书|福利] 如何系统学习网络爬虫,http://mp.weixin.qq.com/s?__biz=MjM5MzgyODQxMQ==&mid=2650367350&idx=1&sn=2b2814b1fd62909d3339de03b3c36101&chksm=be9cde2289eb57344763ac2bef3badff4dd52e015ab67b806ebe50ccccc6ade27906204fbf0c&scene=27#wechat_redirect,2017-09-28T17:16:31.000Z,4305,76,0,10,刘志军,2018-01-17T17:59:58.919Z,2018-01-17T18:11:08.723Z,http://t.cn/R0NbbBs
如果每一种语言都对应一种女生，你会喜欢哪一个？,http://mp.weixin.qq.com/s?__biz=MjM5MzgyODQxMQ==&mid=2650367339&idx=1&sn=a8a03f898f2602921a451b17a0a32179&chksm=be9cde3f89eb5729f5b5cff6a98956276f5f8f38ed8f8d534c4cac26df5d3b54b1aed872dc99&scene=27#wechat_redirect,2017-09-27T20:00:00.000Z,2041,11,0,0,,2018-01-17T17:59:58.922Z,2018-01-17T18:11:09.914Z,
仅需三步，教你用爬虫捕获女孩的心,http://mp.weixin.qq.com/s?__biz=MjM5MzgyODQxMQ==&mid=2650367322&idx=1&sn=47427afa3e34c6897616501ff05f4e3e&chksm=be9cde0e89eb57186c1f31c73991f777024cc6c5b02c5bbc5677aa2b68160dcd790ea9ed842f&scene=27#wechat_redirect,2017-09-25T08:00:00.000Z,3522,24,0,0,腾讯课堂,2018-01-17T17:59:58.925Z,2018-01-17T18:11:11.106Z,
\bPython程序员都知道的5个彩蛋,http://mp.weixin.qq.com/s?__biz=MjM5MzgyODQxMQ==&mid=2650367319&idx=1&sn=614dede944ebc8bca7f45a6a59109fa4&chksm=be9cde0389eb5715364c32a1da7fbb86c0b3c862faaffe13740ff7174f42a337e05cabfaa231&scene=27#wechat_redirect,2017-09-24T09:00:00.000Z,3474,37,0,1,刘志军,2018-01-17T17:59:58.926Z,2018-01-17T18:11:12.333Z,
Python爬虫知识点梳理,http://mp.weixin.qq.com/s?__biz=MjM5MzgyODQxMQ==&mid=2650367313&idx=1&sn=85f7e54a623c626ddb2605df5156a7c3&chksm=be9cde0589eb5713b36ada31389e4f35439a44b4fd0f852c4acfb3e4f8594ae4ff21824724e0&scene=27#wechat_redirect,2017-09-20T18:12:54.000Z,8370,128,0,5,刘志军,2018-01-17T17:59:58.928Z,2018-01-17T18:11:13.571Z,https://foofish.net/python-crawler.html
体验小程序开发,http://mp.weixin.qq.com/s?__biz=MjM5MzgyODQxMQ==&mid=2650367312&idx=1&sn=58c8fecb344d91e37f51be05514de645&chksm=be9cde0489eb5712457ccf938dd92fb1d58df7b5170315222e2ad9adba3515db368f81d3113f&scene=27#wechat_redirect,2017-09-16T12:33:36.000Z,5016,34,0,4,刘志军,2018-01-17T17:59:58.930Z,2018-01-17T18:11:14.816Z,
面试说白了，还不是让面试官爱上你？,http://mp.weixin.qq.com/s?__biz=MjM5MzgyODQxMQ==&mid=2650367311&idx=1&sn=757eb2b945dbfaf5c10ecdfb88e505ba&chksm=be9cde1b89eb570de862b476dcc37a15cb19846146bc3a06e05334c93d7e31e11079bca7419f&scene=27#wechat_redirect,2017-09-15T08:31:47.000Z,2428,7,0,0,,2018-01-17T17:59:58.931Z,2018-01-17T18:11:16.004Z,
发起一场GitChat是什么体验？,http://mp.weixin.qq.com/s?__biz=MjM5MzgyODQxMQ==&mid=2650367298&idx=1&sn=9926c05411887724beadff239b5afd27&chksm=be9cde1689eb57001a5aabb47db745be63bc552e0cee73d23e78009afac074f6a5a5179c9dc1&scene=27#wechat_redirect,2017-09-12T16:35:54.000Z,1844,10,0,1,刘志军,2018-01-17T17:59:58.933Z,2018-01-17T18:11:17.215Z,
Python成为高收入国家增加最快的语言,http://mp.weixin.qq.com/s?__biz=MjM5MzgyODQxMQ==&mid=2650367298&idx=2&sn=de40afb1e9d40fd8addd90475e9cdef2&chksm=be9cde1689eb5700fa4c68760dcdf6ba0b4ccfbe07597c78d547658847ba87a0f280db143d2e&scene=27#wechat_redirect,2017-09-12T16:35:54.000Z,1129,7,0,0,David Robinson,2018-01-17T17:59:58.935Z,2018-01-17T18:11:18.402Z,
如何应对 Python 编码巨“坑”,http://mp.weixin.qq.com/s?__biz=MjM5MzgyODQxMQ==&mid=2650367285&idx=1&sn=1b24a960dd3b7e40a975ce54589dd7de&chksm=be9cde6189eb57771c4b79447a84efea2a014f07e7ad65e659e3e8385c0ea1db28994b12f484&scene=27#wechat_redirect,2017-09-11T13:45:47.000Z,2330,18,0,0,刘志军,2018-01-17T17:59:58.936Z,2018-01-17T18:11:19.603Z,
给Python新手的一道面试题：如何正确读写文件,http://mp.weixin.qq.com/s?__biz=MjM5MzgyODQxMQ==&mid=2650367277&idx=1&sn=74796622779ab0841ceebc8ac34fef7c&chksm=be9cde7989eb576f355bf09748538104fc8fa152a5a740607617cdfa8839e705b00dcfb88c7f&scene=27#wechat_redirect,2017-09-07T17:59:16.000Z,3670,54,0,1,军哥,2018-01-17T18:00:01.157Z,2018-01-17T18:11:20.817Z,
00后CEO涉嫌抄袭，保护版权，如何选择开源许可协议？,http://mp.weixin.qq.com/s?__biz=MjM5MzgyODQxMQ==&mid=2650367273&idx=1&sn=d4f8165cd182ece087a44699bfb05d78&chksm=be9cde7d89eb576b9d1cf92aa44900baa084ac9091df1cc1051fe2bd9361bdc56892064dc96d&scene=27#wechat_redirect,2017-09-06T12:01:25.000Z,2892,20,0,0,刘志军,2018-01-17T18:00:01.158Z,2018-01-17T18:11:22.013Z,https://davidsheh.github.io/2017/08/28/mac-fishshell/
Python：动态语言与鸭子类型,http://mp.weixin.qq.com/s?__biz=MjM5MzgyODQxMQ==&mid=2650367264&idx=1&sn=567cc22b6f0dd1be63946c4b7a9a1df4&chksm=be9cde7489eb57623216a5812abc2b344e6a9ee1aeb6b91d225fccc8ea09e336f28370c5217e&scene=27#wechat_redirect,2017-09-04T11:47:37.000Z,2084,36,0,1,刘志军,2018-01-17T18:00:01.159Z,2018-01-17T18:11:23.241Z,
零基础成为 Google 官方认证机器学习工程师，只需要2步?,http://mp.weixin.qq.com/s?__biz=MjM5MzgyODQxMQ==&mid=2650367257&idx=1&sn=4d5f13ca5d5a358a921c5e084656f3d5&chksm=be9cde4d89eb575b956019b7c4ce21180c21db160b2bfc4c1981df829e4a27ec246cc716084b&scene=27#wechat_redirect,2017-08-31T08:54:04.000Z,2465,16,0,0,,2018-01-17T18:00:01.160Z,2018-01-17T18:11:24.442Z,https://cn.udacity.com/mlnd/?utm_source=VTtalk&utm_medium=wechat&utm_campaign=MLND06
关于操作 Python 列表，最常见问答Top10,http://mp.weixin.qq.com/s?__biz=MjM5MzgyODQxMQ==&mid=2650367256&idx=1&sn=efba29368cf96767cb009f82f33cc0b2&chksm=be9cde4c89eb575a0aec905df66773c5326f8ac66d81c1e078d1525648577863a5f6eea56aaa&scene=27#wechat_redirect,2017-08-30T18:11:12.000Z,2831,44,0,2,刘志军,2018-01-17T18:00:01.161Z,2018-01-17T18:11:25.693Z,
程序猿的七夕是这样的,http://mp.weixin.qq.com/s?__biz=MjM5MzgyODQxMQ==&mid=2650367255&idx=1&sn=20016f1c1babc6fd40671234bb043598&chksm=be9cde4389eb575576bda51a443a1365b4855fb4a01e9129d369a5bc7ad608d7f8006f792528&scene=27#wechat_redirect,2017-08-28T16:02:17.000Z,2905,52,0,1,刘志军,2018-01-17T18:00:01.162Z,2018-01-17T18:11:26.910Z,https://qwd.jd.com/cgi-bin/qwd_portal?type=14&source=5&subsource=100
Linux 入门好书推荐,http://mp.weixin.qq.com/s?__biz=MjM5MzgyODQxMQ==&mid=2650367239&idx=1&sn=c1f238a399b79b05c0708bc1bf2ede40&chksm=be9cde5389eb5745cb805d00118b3065662e0c056404fb9e0f69388897f20382269b5878827b&scene=27#wechat_redirect,2017-08-24T18:10:20.000Z,4553,52,0,5,刘志军,2018-01-17T18:00:01.163Z,2018-01-17T18:11:28.165Z,https://qwd.jd.com/cgi-bin/qwd_portal?type=14&source=5&subsource=100
距离你入职硅谷名企 & BAT还差这些技能点！,http://mp.weixin.qq.com/s?__biz=MjM5MzgyODQxMQ==&mid=2650367223&idx=1&sn=7e07dcc533367d0c0486734151b6bf2c&chksm=be9cdfa389eb56b5a38960ddbc81f8cea31eaf2de53f30e81697b85e86d7304e48114acbc6e0&scene=27#wechat_redirect,2017-08-23T09:04:00.000Z,1845,9,0,0,,2018-01-17T18:00:01.164Z,2018-01-17T18:11:29.361Z,https://new.stuq.org/course/70?utm_source=pythonliu
Python：关于高效使用字典的清单,http://mp.weixin.qq.com/s?__biz=MjM5MzgyODQxMQ==&mid=2650367211&idx=1&sn=892a27682b88f4725b5cf6167781f276&chksm=be9cdfbf89eb56a9d323fa24e603af86a3d0870b699fb1a34e309734ba2ac64ff469841f7abf&scene=27#wechat_redirect,2017-08-22T11:43:08.000Z,3242,56,0,3,刘志军,2018-01-17T18:00:01.165Z,2018-01-17T18:11:30.606Z,
如何把自己的开源项目发布到Pypi服务器,http://mp.weixin.qq.com/s?__biz=MjM5MzgyODQxMQ==&mid=2650367205&idx=1&sn=ae450e73769dccf924caf63474e44833&chksm=be9cdfb189eb56a75280d5b8fe840701bbcb0c6599657817a6e9829f907f2cbc98deababf9dc&scene=27#wechat_redirect,2017-08-17T17:38:42.000Z,1511,16,0,0,刘志军,2018-01-17T18:00:03.394Z,2018-01-17T18:11:32.230Z,https://edu.hellobi.com/course/204
"Life is shit, go Pythonic!",http://mp.weixin.qq.com/s?__biz=MjM5MzgyODQxMQ==&mid=2650367201&idx=1&sn=48cbe3249303cf412dc5fc5050707688&chksm=be9cdfb589eb56a3508a1fdcccabda4269fafaaa35f726c8e91c1e4449ac4b48884d3f62e480&scene=27#wechat_redirect,2017-08-15T11:47:01.000Z,2897,27,0,1,刘志军,2018-01-17T18:00:03.399Z,2018-01-17T18:11:33.444Z,https://m.hellobi.com/course/204
Python高居顶级编程语言交互排行榜第一，想玩编程的你要做些什么呢？,http://mp.weixin.qq.com/s?__biz=MjM5MzgyODQxMQ==&mid=2650367195&idx=1&sn=9f75896a901a3f3d3a3d30070229a0f3&chksm=be9cdf8f89eb5699b4e607c9bfbe7070c6261585320409f1a800ba4c21bc4d85b8dc5bc7f849&scene=27#wechat_redirect,2017-08-10T19:05:35.000Z,2511,14,0,0,,2018-01-17T18:00:03.403Z,2018-01-17T18:11:34.639Z,
Python 高效处理字符串的秘密：字符串 Intern 机制,http://mp.weixin.qq.com/s?__biz=MjM5MzgyODQxMQ==&mid=2650367193&idx=1&sn=f17a2162cd6bcc2d5c6ba148e445d85b&chksm=be9cdf8d89eb569b8a22a3d3a430719e860807a382d422a52e364a12666abbe2b7878278e031&scene=27#wechat_redirect,2017-08-09T11:40:39.000Z,1961,32,0,3,刘志军,2018-01-17T18:00:03.405Z,2018-01-17T18:11:35.861Z,
"Python 中，字符串""连接""效率最高的方式是？一定出乎你的意料",http://mp.weixin.qq.com/s?__biz=MjM5MzgyODQxMQ==&mid=2650367190&idx=2&sn=2076cbc79b36ee9d775537077e92887b&chksm=be9cdf8289eb56942bf61e4d302723130322e83e4d1a1446d997f65b35779956afdba05f8434&scene=27#wechat_redirect,2017-08-04T20:00:00.000Z,1628,31,0,0,刘志军,2018-01-17T18:00:03.464Z,2018-01-17T18:11:37.051Z,
第四期福利中奖结果,http://mp.weixin.qq.com/s?__biz=MjM5MzgyODQxMQ==&mid=2650367182&idx=1&sn=485935ae87ef7747685cecb345ab62a5&chksm=be9cdf9a89eb568cf70228b88556acc61ca341cba32d6f7a292c77ea8a9d4a5dec1308065fda&scene=27#wechat_redirect,2017-07-31T19:31:25.000Z,1086,33,0,3,刘志军,2018-01-17T18:00:03.466Z,2018-01-17T18:11:38.289Z,
10行代码爬取微信公众号文章评论,http://mp.weixin.qq.com/s?__biz=MjM5MzgyODQxMQ==&mid=2650367179&idx=1&sn=a8f5024c605c2774a68285bf7b092251&chksm=be9cdf9f89eb5689d1974e103e6a4584c47c8ae83f7fd541d20d463629bf3c8636607f8b21a1&scene=27#wechat_redirect,2017-07-30T21:49:18.000Z,7125,62,0,3,刘志军,2018-01-17T18:00:03.468Z,2018-01-17T18:11:39.507Z,
Python 2 和 Python 3 主要区别有哪些（一）,http://mp.weixin.qq.com/s?__biz=MjM5MzgyODQxMQ==&mid=2650367169&idx=1&sn=40f4e8310c3a253cc7af48544616b9a2&chksm=be9cdf9589eb56837dc5547ebafe9d36ae6f5c02d0178f4102a0cfa54eb9c01d623360d719d2&scene=27#wechat_redirect,2017-07-28T07:36:22.000Z,3655,47,0,1,刘志军,2018-01-17T18:00:03.469Z,2018-01-17T18:11:40.744Z,
Python进阶好书推荐，还有送书,http://mp.weixin.qq.com/s?__biz=MjM5MzgyODQxMQ==&mid=2650367165&idx=1&sn=408097690cc458defec93177cffb8967&chksm=be9cdfe989eb56ff8ff0919d34d6262eef2bfbfb314ee447e6b3986937889a168b6aec785aef&scene=27#wechat_redirect,2017-07-26T07:30:00.000Z,5110,141,0,9,给大家送福利的,2018-01-17T18:00:03.470Z,2018-01-17T18:18:50.121Z,http://t.cn/RoAHAZx
粉丝福利|一节2000+人报名的机器学习课，免费了,http://mp.weixin.qq.com/s?__biz=MjM5MzgyODQxMQ==&mid=2650367164&idx=1&sn=5ebf0ea752932ddbd8d42d67b88e65cc&chksm=be9cdfe889eb56feeb689bc75fdabd005c1fa419a80c5fcdae3e9bd1ee03279a591475d1e32a&scene=27#wechat_redirect,2017-07-25T12:07:04.000Z,1770,17,0,0,,2018-01-17T18:00:05.701Z,2018-01-17T18:18:51.314Z,
免费公开课|实用机器学习方法——集成学习,http://mp.weixin.qq.com/s?__biz=MjM5MzgyODQxMQ==&mid=2650367160&idx=1&sn=b7ab5229e7743f08af85b888d9894720&chksm=be9cdfec89eb56fa51b69966c359bcaa6f8efc0f2d8648d42d89c1bd484b766fec937adfabe3&scene=27#wechat_redirect,2017-07-24T20:07:11.000Z,1042,8,0,0,,2018-01-17T18:00:05.703Z,2018-01-17T18:18:52.497Z,
耐人寻味的 for...else...语句,http://mp.weixin.qq.com/s?__biz=MjM5MzgyODQxMQ==&mid=2650367157&idx=1&sn=4f1929df141a2a7a8a110ec8665926d3&chksm=be9cdfe189eb56f784d10887bf5087792262b8a2e08a496cd84a36761138a27a7b72cddac681&scene=27#wechat_redirect,2017-07-23T16:27:59.000Z,2701,51,0,0,刘志军,2018-01-17T18:00:05.704Z,2018-01-17T18:18:53.706Z,
《import this》背后的故事,http://mp.weixin.qq.com/s?__biz=MjM5MzgyODQxMQ==&mid=2650367149&idx=1&sn=5b9bc4a8029e7eb9b8a4b71d06524da9&chksm=be9cdff989eb56ef143d5b03fab7e825f08ea6a96d041aa1da50e78e765a75e60d49b42d9bf6&scene=27#wechat_redirect,2017-07-21T13:00:58.000Z,2647,53,0,1,刘志军,2018-01-17T18:00:05.705Z,2018-01-17T18:18:54.914Z,
2017开发者生态报告：Python 是最多人想尝试的语言,http://mp.weixin.qq.com/s?__biz=MjM5MzgyODQxMQ==&mid=2650367146&idx=1&sn=ecbd6245bc678d17b1f17ec00dbc4999&chksm=be9cdffe89eb56e85983eb25f6b8fb52cb04b815d2db943d48bafd4b8d5e4db29826f3bcbef1&scene=27#wechat_redirect,2017-07-19T07:38:00.000Z,2289,14,0,0,刘志军&jetbrains,2018-01-17T18:00:05.706Z,2018-01-17T18:18:56.100Z,
@classmethod与@staticmethod的区别,http://mp.weixin.qq.com/s?__biz=MjM5MzgyODQxMQ==&mid=2650367145&idx=1&sn=bd78a6e6d5b144f9ce6da7d9ee4dda2a&chksm=be9cdffd89eb56ebb1ab82cbffa1bc696775734e9ca6fe6815c52eed1f713694d9a8e1086f18&scene=27#wechat_redirect,2017-07-18T18:23:01.000Z,1526,78,0,2,刘志军,2018-01-17T18:00:05.706Z,2018-01-17T18:18:57.309Z,
Pycharm自动导入模块小技巧,http://mp.weixin.qq.com/s?__biz=MjM5MzgyODQxMQ==&mid=2650367133&idx=1&sn=383a38093e17196f103dd331803fb188&chksm=be9cdfc989eb56dfa6f8f830abed4963f0e76e9430839fa18ec49585cfd8f18b0741b87117ab&scene=27#wechat_redirect,2017-07-15T20:34:36.000Z,2857,35,0,0,刘志军,2018-01-17T18:00:05.707Z,2018-01-17T18:18:58.491Z,
程序员如何优雅地写公众号,http://mp.weixin.qq.com/s?__biz=MjM5MzgyODQxMQ==&mid=2650367120&idx=1&sn=36dc4785e897394ca3321556c9094b46&chksm=be9cdfc489eb56d213893ca5fbe7a9d9b3d7928cdbaf7cc9d8a07c5a80798173e119fc95a693&scene=27#wechat_redirect,2017-07-14T07:35:00.000Z,2718,140,0,5,刘志军,2018-01-17T18:00:05.708Z,2018-01-17T18:18:59.710Z,
Django开发企业级小说网站超详细教程,http://mp.weixin.qq.com/s?__biz=MjM5MzgyODQxMQ==&mid=2650367112&idx=1&sn=50000cb491bf2244b3c04d7358a8e82f&chksm=be9cdfdc89eb56ca97c6966e1be7900982767ad3783f82fe67e2bac19aacd3137c095674a11b&scene=27#wechat_redirect,2017-07-13T07:40:00.000Z,3157,9,0,0,,2018-01-17T18:00:05.709Z,2018-01-17T18:19:00.893Z,https://jq.qq.com/?_wv=1027&k=4BcVuDn
简析  __init__、__new__、__call__ 方法,http://mp.weixin.qq.com/s?__biz=MjM5MzgyODQxMQ==&mid=2650367090&idx=1&sn=59361f916c08de744657b81febe89c8e&chksm=be9cdf2689eb5630685122224e7d6acd67e92506ea901eea52a3e4b3d2ffa63f8a89b7b26620&scene=27#wechat_redirect,2017-07-11T07:32:33.000Z,2915,69,0,2,刘志军,2018-01-17T18:00:05.709Z,2018-01-17T18:19:02.137Z,
2017半年写字总结,http://mp.weixin.qq.com/s?__biz=MjM5MzgyODQxMQ==&mid=2650367087&idx=1&sn=fa38d60ca3d80de5298a3a7743e896bf&chksm=be9cdf3b89eb562dd6beb58a34dcd505c9aa94a833d082c880ab45f3ec23399c596ed39af2a0&scene=27#wechat_redirect,2017-07-09T09:25:45.000Z,2393,32,0,1,刘志军,2018-01-17T18:00:07.903Z,2018-01-17T18:19:03.347Z,
2017半年文章合集（建议收藏）,http://mp.weixin.qq.com/s?__biz=MjM5MzgyODQxMQ==&mid=2650367087&idx=2&sn=299be6e6b04e844115b7375d6ac55a93&chksm=be9cdf3b89eb562d94a8a0df04d5fef7918a82349dd99357cd5c72aac45fc01b78be7a862135&scene=27#wechat_redirect,2017-07-09T09:25:45.000Z,3031,37,0,10,刘志军,2018-01-17T18:00:07.904Z,2018-01-17T18:19:04.613Z,
限免｜这是一节1000+人报名的机器学习课,http://mp.weixin.qq.com/s?__biz=MjM5MzgyODQxMQ==&mid=2650367082&idx=1&sn=330e2ff99babf3592686d2f7027e4ea9&chksm=be9cdf3e89eb562856340be0d6af9de9e1eb40eb8e78da4c0fe942cd36cd16c415a9bfaa9265&scene=27#wechat_redirect,2017-07-07T08:35:37.000Z,1792,15,0,0,,2018-01-17T18:00:07.905Z,2018-01-17T18:19:05.792Z,
公布中奖结果，好书在留言区,http://mp.weixin.qq.com/s?__biz=MjM5MzgyODQxMQ==&mid=2650367078&idx=1&sn=f84abe010a6559781997065135ee99a5&chksm=be9cdf3289eb5624ecf2de2a8fa08e4d8712907130b963ff5c6acaa29d39315041e01f236162&scene=27#wechat_redirect,2017-07-06T12:51:11.000Z,1542,16,0,1,刘志军,2018-01-17T18:00:07.906Z,2018-01-17T18:19:07.017Z,
20-40k+期权，蚂蚁金服招 Python 开发工程师,http://mp.weixin.qq.com/s?__biz=MjM5MzgyODQxMQ==&mid=2650367074&idx=1&sn=54eb9217d2b05c8d2500e0e8892c9602&chksm=be9cdf3689eb5620aa96749f94adcf7e2c9fcd0b05363064a13cbd6bfe963c38516a7ba60513&scene=27#wechat_redirect,2017-07-05T12:58:46.000Z,4312,39,0,0,刘志军,2018-01-17T18:00:07.907Z,2018-01-17T18:19:08.202Z,
一本书搞定Python入门到实践,http://mp.weixin.qq.com/s?__biz=MjM5MzgyODQxMQ==&mid=2650367071&idx=1&sn=6bc769ec2bcef569ea0de75165881314&chksm=be9cdf0b89eb561df56bec5706a44d2ca14a1951cd35e0499c9e4f618062778e661e13a5d08d&scene=27#wechat_redirect,2017-07-03T15:24:41.000Z,6767,75,0,1,刘志军,2018-01-17T18:00:07.908Z,2018-01-17T18:19:09.432Z,https://union-click.jd.com/jdc?d=b0CM7f&come=appmessage
Python是怎么火起来的,http://mp.weixin.qq.com/s?__biz=MjM5MzgyODQxMQ==&mid=2650367066&idx=1&sn=3f23999ad511c786330facd6911be2ec&chksm=be9cdf0e89eb5618b2e0ebf51de4513d91f764176bd0d8caef5a2d4837d428f361c6d61948ef&scene=27#wechat_redirect,2017-06-30T07:54:56.000Z,8423,67,0,3,刘志军,2018-01-17T18:00:07.909Z,2018-01-17T18:19:10.647Z,
for循环是怎么工作的,http://mp.weixin.qq.com/s?__biz=MjM5MzgyODQxMQ==&mid=2650367065&idx=1&sn=c678ae4f3f749ef457077618eb8480a1&chksm=be9cdf0d89eb561bf5a41e460a6c856b9d6620f302f56aef6405f6433357c42b443da28e9498&scene=27#wechat_redirect,2017-06-28T07:27:02.000Z,2419,56,0,5,刘志军,2018-01-17T18:00:07.910Z,2018-01-17T18:19:11.880Z,
想在AI界占有一席之地，自然语言处理值得你好好学,http://mp.weixin.qq.com/s?__biz=MjM5MzgyODQxMQ==&mid=2650367059&idx=1&sn=0dafd0938e7e2eefdb70d9f2e28234b5&chksm=be9cdf0789eb561155a0e6ee4ccec7eff8ace562b0f0cbd12793d2221b29a417ae538a490db3&scene=27#wechat_redirect,2017-06-26T20:15:23.000Z,1210,11,0,0,,2018-01-17T18:00:07.911Z,2018-01-17T18:19:13.069Z,
Python类中的方法是如何工作的,http://mp.weixin.qq.com/s?__biz=MjM5MzgyODQxMQ==&mid=2650367056&idx=1&sn=c19e8348ec8e0f5a03bfd5cfff0f4835&chksm=be9cdf0489eb5612188213e57602b1370b44b609cfd87f36ac59a0e1683eebd1e81aa190c2eb&scene=27#wechat_redirect,2017-06-24T16:42:09.000Z,1683,26,0,3,刘志军,2018-01-17T18:00:07.912Z,2018-01-17T18:19:14.291Z,
Python装饰器为什么难理解：写个带参数的装饰器,http://mp.weixin.qq.com/s?__biz=MjM5MzgyODQxMQ==&mid=2650367045&idx=1&sn=327bea95963a0c99d0d0217dcc3f346d&chksm=be9cdf1189eb5607d87adbbf627dffa0130f642f3dec4a7a66cc56f54addd78cc44a2f86feb8&scene=27#wechat_redirect,2017-06-21T18:42:24.000Z,1707,22,0,5,刘志军,2018-01-17T18:00:10.097Z,2018-01-17T18:19:15.516Z,
人工智能来袭！老司机开车啦（文末有福利）,http://mp.weixin.qq.com/s?__biz=MjM5MzgyODQxMQ==&mid=2650367040&idx=1&sn=61cc8839a1adb35e904d012a575553ff&chksm=be9cdf1489eb560214535a90bfc371ca519b8002ae41825824645fb686f37f9d073310d58129&scene=27#wechat_redirect,2017-06-20T08:05:46.000Z,1542,13,0,0,,2018-01-17T18:00:10.099Z,2018-01-17T18:19:16.693Z,
推荐几本好书,http://mp.weixin.qq.com/s?__biz=MjM5MzgyODQxMQ==&mid=2650367032&idx=1&sn=a416df20245d825e2d94d79ce1f98489&chksm=be9cdf6c89eb567a7f18fb79c6ab9a76ff6cafea785204e7cbdca9b0cffc1efcddcfd72383e2&scene=27#wechat_redirect,2017-06-18T16:21:44.000Z,5936,49,0,2,刘志军,2018-01-17T18:00:10.102Z,2018-01-17T18:19:17.906Z,https://qwd.jd.com/previewShop.shtml?shopid=2921514&come=appmessage
量化投资重磅上线，横扫金融界就靠你啦！,http://mp.weixin.qq.com/s?__biz=MjM5MzgyODQxMQ==&mid=2650367017&idx=1&sn=ad5dd81b4ec5af534e04e5281c50a53d&chksm=be9cdf7d89eb566b4e53eda774d42bf548a209ba55b8fcd679b7bd197ad5f9eebe309318bcfa&scene=27#wechat_redirect,2017-06-15T19:59:20.000Z,1074,5,0,0,,2018-01-17T18:00:10.104Z,2018-01-17T18:19:19.081Z,
深夜好文|装饰器为什么难以理解？,http://mp.weixin.qq.com/s?__biz=MjM5MzgyODQxMQ==&mid=2650367014&idx=1&sn=66882879dc53880c42da5fa3dca4a15c&chksm=be9cdf7289eb56641d769564edb67c36d00b3e7f7037cc8b4acde2f37c9a0b1a5aa7ec94b045&scene=27#wechat_redirect,2017-06-14T23:59:14.000Z,2516,59,0,3,刘志军,2018-01-17T18:00:10.106Z,2018-01-17T18:19:20.310Z,
用Python&Tesseract识别图片文字,http://mp.weixin.qq.com/s?__biz=MjM5MzgyODQxMQ==&mid=2650367001&idx=1&sn=dc8ea91ba4a83e23b5524a37aab5db73&chksm=be9cdf4d89eb565b1179c9d89030c512afa691dcf9480a0f604ebc658ddea2434658c8c184ef&scene=27#wechat_redirect,2017-06-09T15:53:05.000Z,2261,32,0,6,刘志军,2018-01-17T18:00:10.109Z,2018-01-17T18:19:21.545Z,
送分题：列表与元组的区别是？,http://mp.weixin.qq.com/s?__biz=MjM5MzgyODQxMQ==&mid=2650366992&idx=1&sn=b83c9547ef3bb61cd4ad92ec9e1f1f5c&chksm=be9cdf4489eb5652c70ac2b51896e8b7be258bd71f91dddb26aba8744b97fb4d7ebded41450f&scene=27#wechat_redirect,2017-06-08T08:22:24.000Z,1826,41,0,3,刘志军,2018-01-17T18:00:10.111Z,2018-01-17T18:19:22.791Z,
用分布式爬虫搞点数据回来！,http://mp.weixin.qq.com/s?__biz=MjM5MzgyODQxMQ==&mid=2650366986&idx=1&sn=057c7af991ead209d813472bf4b41fed&chksm=be9cdf5e89eb5648b4ab85b8160a5e7b964cf83a4e7c723dcea6f73b90f02ed4820e55fe16df&scene=27#wechat_redirect,2017-06-07T09:02:19.000Z,1598,10,0,0,,2018-01-17T18:00:10.113Z,2018-01-17T18:19:24.046Z,
如何快速入门Python,http://mp.weixin.qq.com/s?__biz=MjM5MzgyODQxMQ==&mid=2650366983&idx=1&sn=581b790cc367ba40be35f6750f8c103c&chksm=be9cdf5389eb56455bd56f511d45819edf02962b6575b82c9089c08b661e23630164a1c767bc&scene=27#wechat_redirect,2017-06-05T08:47:48.000Z,8132,123,0,13,刘志军,2018-01-17T18:00:12.321Z,2018-01-17T18:19:25.498Z,https://qwd.jd.com/previewShop.shtml?shopid=2921514&come=appmessage
2017年5月写字总结,http://mp.weixin.qq.com/s?__biz=MjM5MzgyODQxMQ==&mid=2650366980&idx=1&sn=3b42eec0de0032d0baa8633b4d51314a&chksm=be9cdf5089eb5646b2dde863c55193d8ebec0a1dd938744c1fd070f67414af4b6d8abadc6e46&scene=27#wechat_redirect,2017-06-02T11:51:28.000Z,1573,32,0,2,刘志军,2018-01-17T18:00:12.324Z,2018-01-17T18:19:26.709Z,
用Google挖掘赚钱思路,http://mp.weixin.qq.com/s?__biz=MjM5MzgyODQxMQ==&mid=2650366976&idx=1&sn=5fe8583dcb63a62aa75178f3bb637196&chksm=be9cdf5489eb5642d642f5a66c5dd688d794bb7562ad27384cc465a700725b4c30bb07388082&scene=27#wechat_redirect,2017-05-31T08:16:24.000Z,2458,48,0,4,刘志军,2018-01-17T18:00:12.327Z,2018-01-17T18:19:27.935Z,
Python到底是不是数据分析最好的语言？听听这位大神怎么说...,http://mp.weixin.qq.com/s?__biz=MjM5MzgyODQxMQ==&mid=2650366967&idx=1&sn=34d087379d365da5a5c291548c4aee20&chksm=be9cd8a389eb51b519d017f7a3db96303245a34e4886ac136495295f103ae1173d004e2c390a&scene=27#wechat_redirect,2017-05-27T09:10:50.000Z,1576,9,0,0,,2018-01-17T18:00:12.329Z,2018-01-17T18:19:29.118Z,
爬虫入门系列（六）：正则表达式完全指南（下）,http://mp.weixin.qq.com/s?__biz=MjM5MzgyODQxMQ==&mid=2650366967&idx=2&sn=a5756059ba031e5c1407587987dbd3ba&chksm=be9cd8a389eb51b5d597c182cf2e6e361408832ea749cde8dad2b7892c978c6aa303286e60dc&scene=27#wechat_redirect,2017-05-27T09:10:50.000Z,1234,18,0,3,刘志军,2018-01-17T18:00:12.330Z,2018-01-17T18:19:30.488Z,
精彩纷呈的 PyCon 2017大会,http://mp.weixin.qq.com/s?__biz=MjM5MzgyODQxMQ==&mid=2650366963&idx=1&sn=5ef623af75d0144442916be1e3cca8c2&chksm=be9cd8a789eb51b1e8d7010e47f1ef016b1a820c4c39a475186775acdfda326671e977342df3&scene=27#wechat_redirect,2017-05-25T17:42:47.000Z,1588,30,0,2,刘志军,2018-01-17T18:00:12.331Z,2018-01-17T18:19:31.712Z,
爬虫入门系列（五）：正则表达式完全指南（上）,http://mp.weixin.qq.com/s?__biz=MjM5MzgyODQxMQ==&mid=2650366958&idx=1&sn=044008c9475421feddf428c6ce5bf481&chksm=be9cd8ba89eb51acd8404bda5c2f5db660bf730919664d811a3487ae6b4e49760df67bd5736a&scene=27#wechat_redirect,2017-05-23T16:19:10.000Z,2331,31,0,5,刘志军,2018-01-17T18:00:12.332Z,2018-01-17T18:19:32.937Z,
赠书活动结果,http://mp.weixin.qq.com/s?__biz=MjM5MzgyODQxMQ==&mid=2650366953&idx=1&sn=8811ebc435aa4d542aac50dbc6cc1a61&chksm=be9cd8bd89eb51abe96123b96e083e2b8669e06ed7c19f0458014e4b64e12c938f6e1fd8fd69&scene=27#wechat_redirect,2017-05-22T11:46:07.000Z,1370,26,0,0,\b刘志军,2018-01-17T18:00:12.333Z,2018-01-17T18:19:34.128Z,
5.20福利提前送，Python 视频+直播免费领取,http://mp.weixin.qq.com/s?__biz=MjM5MzgyODQxMQ==&mid=2650366947&idx=1&sn=106c8e09bcc1271e8b9b58bdb9fd160a&chksm=be9cd8b789eb51a1d9b3c4ee5733dcc2755ffc8bab75165178cdd9689cd7969f433ffc18cd78&scene=27#wechat_redirect,2017-05-19T17:58:24.000Z,1531,15,0,0,潭州教育,2018-01-17T18:00:12.334Z,2018-01-17T18:19:35.306Z,
初级Python程序员如何进阶？,http://mp.weixin.qq.com/s?__biz=MjM5MzgyODQxMQ==&mid=2650366939&idx=1&sn=036a7fd4bb58c78151284f232fa85487&chksm=be9cd88f89eb5199f9025e457da579847840a7c218189dbdd9dde6ba5ef37e938b126245a4d6&scene=27#wechat_redirect,2017-05-18T17:09:30.000Z,4798,115,0,10,刘志军,2018-01-17T18:00:12.335Z,2018-01-17T18:19:36.553Z,https://www.amazon.cn/dp/B072HMKKPG
一步一步教你认识Python闭包,http://mp.weixin.qq.com/s?__biz=MjM5MzgyODQxMQ==&mid=2650366929&idx=1&sn=5bba7ccef04dc39f81b628429ddd08db&chksm=be9cd88589eb5193cce49a1ec3365325176fd884ac3e1cd9363786a40967b180cf54b0046922&scene=27#wechat_redirect,2017-05-15T07:35:33.000Z,2647,56,0,4,刘志军,2018-01-17T18:00:12.336Z,2018-01-17T18:24:58.122Z,
2017年4月写字总结,http://mp.weixin.qq.com/s?__biz=MjM5MzgyODQxMQ==&mid=2650366925&idx=1&sn=690636bc845cbea62f4b283caf96f248&chksm=be9cd89989eb518f05b93892deb12c764cd0b514a51cc14e6593c80a21e2f6c245ed2b4e834d&scene=27#wechat_redirect,2017-05-02T21:01:31.000Z,1384,46,0,3,刘志军,2018-01-17T18:00:14.575Z,2018-01-17T18:24:59.347Z,
Lambda函数与群众演员的共\b性是...？,http://mp.weixin.qq.com/s?__biz=MjM5MzgyODQxMQ==&mid=2650366922&idx=1&sn=0b87c937f5de734a044e9f6b88874b63&chksm=be9cd89e89eb5188003ffc412435d06c143380afef5625e899109e4a129fe58bcc489ec7c9ce&scene=27#wechat_redirect,2017-04-30T08:56:40.000Z,1581,28,0,1,刘志军,2018-01-17T18:00:14.576Z,2018-01-17T18:25:00.564Z,http://www.bagevent.com/event/517724#website_moduleId_47956
爬虫入门系列（四）：HTML文本解析库BeautifulSoup,http://mp.weixin.qq.com/s?__biz=MjM5MzgyODQxMQ==&mid=2650366919&idx=1&sn=1b36a9f2c0921cdeac52942ec591a923&chksm=be9cd89389eb5185d32ab5e9034c2e68ddff6c2f8ddeaee1662499d73baf113fd5ec645548f8&scene=27#wechat_redirect,2017-04-26T21:10:15.000Z,1870,38,0,2,刘志军,2018-01-17T18:00:14.577Z,2018-01-17T18:25:01.807Z,http://www.bagevent.com/event/517724
"如何正确理解关键字""with""与上下文管理器",http://mp.weixin.qq.com/s?__biz=MjM5MzgyODQxMQ==&mid=2650366909&idx=1&sn=559929e8738c56d5d5ecf4e9d2a18327&chksm=be9cd8e989eb51ff09d283f93c0f4257b5cf5821a9b0f3f58323f3795ae911994e95257fafa8&scene=27#wechat_redirect,2017-04-20T18:38:33.000Z,1205,28,0,2,刘志军,2018-01-17T18:00:14.578Z,2018-01-17T18:25:03.022Z,
号外！中奖结果出来啦,http://mp.weixin.qq.com/s?__biz=MjM5MzgyODQxMQ==&mid=2650366904&idx=1&sn=457b248308dddaaab233c7ff35b9f073&chksm=be9cd8ec89eb51fac48583796fc48760105ad217e8129933a8b9f2ab5a289d5bab94a9a11aad&scene=27#wechat_redirect,2017-04-19T08:23:14.000Z,995,32,0,1,\b刘志军,2018-01-17T18:00:14.579Z,2018-01-17T18:25:04.236Z,
爬虫入门系列（三）：用 requests 构建知乎 API,http://mp.weixin.qq.com/s?__biz=MjM5MzgyODQxMQ==&mid=2650366901&idx=1&sn=2d20e6309afb704badec55b495012374&chksm=be9cd8e189eb51f72656b15982f77a08c21c4ff73c25f7a3fc530aee2e007be6f2e9ce13033c&scene=27#wechat_redirect,2017-04-16T22:07:10.000Z,2177,24,0,4,刘志军,2018-01-17T18:00:14.580Z,2018-01-17T18:25:05.464Z,https://github.com/lzjun567/zhihu-api
【福利】写在5000订阅读者时,http://mp.weixin.qq.com/s?__biz=MjM5MzgyODQxMQ==&mid=2650366894&idx=1&sn=7bf4771e92c93dfc84c5847cafae95c4&chksm=be9cd8fa89eb51ecd94533aa158aa4453a74cca19d30b0a0cfcb12a122d6a577dab98aaaa365&scene=27#wechat_redirect,2017-04-14T18:24:18.000Z,1246,58,0,34,刘志军,2018-01-17T18:00:14.581Z,2018-01-17T18:25:06.802Z,
如何正确理解Python函数是第一类对象（First-Class Object）,http://mp.weixin.qq.com/s?__biz=MjM5MzgyODQxMQ==&mid=2650366890&idx=1&sn=d2c13c338392308a3c71aafadaad39cd&chksm=be9cd8fe89eb51e8c966cbe430e94dd9589930e10dbd93f15c034f551dc6de2709a4d02e190f&scene=27#wechat_redirect,2017-04-12T18:42:21.000Z,1580,31,0,6,刘志军,2018-01-17T18:00:14.582Z,2018-01-17T18:25:08.034Z,
爬虫入门系列（二）：优雅的HTTP库requests,http://mp.weixin.qq.com/s?__biz=MjM5MzgyODQxMQ==&mid=2650366885&idx=1&sn=37d9c9ff3ad777ac03259805abd84ae3&chksm=be9cd8f189eb51e7affb6c127429b2d855342e19cb8d1b1fb97dd549fe66f03febde84182db7&scene=27#wechat_redirect,2017-04-11T11:35:09.000Z,2858,45,0,6,刘志军,2018-01-17T18:00:14.583Z,2018-01-17T18:25:09.259Z,
完美解决 Python2 和 python3 共存问题的Anaconda,http://mp.weixin.qq.com/s?__biz=MjM5MzgyODQxMQ==&mid=2650366881&idx=1&sn=fd2d0d76aed02dfb829f59b5d5ab5e76&chksm=be9cd8f589eb51e3ea78266a02461cdda2f11f5abfde6b85eef2e74025dc3b33bff42637baaa&scene=27#wechat_redirect,2017-04-08T14:01:36.000Z,1731,23,0,3,刘志军,2018-01-17T18:00:14.584Z,2018-01-17T18:25:10.487Z,
爬虫入门系列（一）：快速理解HTTP协议,http://mp.weixin.qq.com/s?__biz=MjM5MzgyODQxMQ==&mid=2650366877&idx=1&sn=f553654002e85f5aa0507bd6b9921c09&chksm=be9cd8c989eb51df36834016fbe43b3f20543a84f6659aa267485fb6a9271b5d12488af9da84&scene=27#wechat_redirect,2017-04-05T18:34:22.000Z,4981,50,0,3,刘志军,2018-01-17T18:00:16.777Z,2018-01-17T18:25:11.724Z,
2017年3月写字总结,http://mp.weixin.qq.com/s?__biz=MjM5MzgyODQxMQ==&mid=2650366871&idx=1&sn=986b184d87555262fedf9c868ae5c87c&chksm=be9cd8c389eb51d5314ebc19e70115a896c171df35fe402cb7e15964577fd55c1239bc735ed1&scene=27#wechat_redirect,2017-04-02T01:35:01.000Z,1286,52,0,9,熬夜的,2018-01-17T18:00:16.778Z,2018-01-17T18:25:12.984Z,
震惊！Google 无人驾驶单车即将问世,http://mp.weixin.qq.com/s?__biz=MjM5MzgyODQxMQ==&mid=2650366868&idx=1&sn=0f45dae3abc2e788fff663602bf77cd5&chksm=be9cd8c089eb51d6ccabf3eba7aa2b2e233a0d5e8349bcd8e0b314c67c2f3f3e6f4f6c66a35f&scene=27#wechat_redirect,2017-03-31T18:19:58.000Z,1166,11,0,0,刘志军,2018-01-17T18:00:16.779Z,2018-01-17T18:25:14.169Z,
Python爬虫之模拟知乎登录,http://mp.weixin.qq.com/s?__biz=MjM5MzgyODQxMQ==&mid=2650366863&idx=1&sn=223ef8bea35082a4915b1ec5bf85f5f4&chksm=be9cd8db89eb51cdc2e46c99159b5162fcfd75090fc5a8b1bd9c7065dadcfe44fd8ad7fdb6ca&scene=27#wechat_redirect,2017-03-30T18:42:38.000Z,2548,29,0,1,刘志军,2018-01-17T18:00:16.780Z,2018-01-17T18:25:15.385Z,
网络爬虫与文本挖掘核心技术案例实战高级研修班,http://mp.weixin.qq.com/s?__biz=MjM5MzgyODQxMQ==&mid=2650366855&idx=1&sn=e752863c59d66b10a9668a36c71970b6&chksm=be9cd8d389eb51c5e3086f010e05102ed60ee0971599409fb49f3d35c73768c15ffc5d22afc6&scene=27#wechat_redirect,2017-03-29T18:02:37.000Z,797,8,0,0,,2018-01-17T18:00:16.781Z,2018-01-17T18:25:16.559Z,
"Python 中 ""is"" 与 ""=="" 操作有什么区别？",http://mp.weixin.qq.com/s?__biz=MjM5MzgyODQxMQ==&mid=2650366850&idx=1&sn=d3bf5b9c2857cfc39a1d6e2f74c8c395&chksm=be9cd8d689eb51c09eb1d5d361e82d1ec6f4e6f3afadca69039915e28489f192dd91ccf78ba0&scene=27#wechat_redirect,2017-03-27T07:49:28.000Z,1850,30,0,5,刘志军,2018-01-17T18:00:16.782Z,2018-01-17T18:25:17.823Z,
Python3 是如何解决棘手的字符编码问题的？,http://mp.weixin.qq.com/s?__biz=MjM5MzgyODQxMQ==&mid=2650366846&idx=1&sn=ff9f9f4b7bf8a59afa39b60707ed35c9&chksm=be9cd82a89eb513cc96630c2f1072519d85f474a9f1028749150306110d539cb0dba410b5859&scene=27#wechat_redirect,2017-03-22T18:04:37.000Z,1317,21,0,4,刘志军,2018-01-17T18:00:16.783Z,2018-01-17T18:25:19.052Z,
Python 编码为什么那么蛋疼？,http://mp.weixin.qq.com/s?__biz=MjM5MzgyODQxMQ==&mid=2650366836&idx=1&sn=da43cd0208b6bb7b1c51c5ced3ac1027&chksm=be9cd82089eb5136830ba25a54ae57a5fc1ca105b68718fcf4d9f100ddb1ea18120990c47816&scene=27#wechat_redirect,2017-03-20T07:35:10.000Z,3735,44,0,7,刘志军,2018-01-17T18:00:16.783Z,2018-01-17T18:25:20.309Z,
那些年，写 Python 犯过的错误,http://mp.weixin.qq.com/s?__biz=MjM5MzgyODQxMQ==&mid=2650366832&idx=1&sn=82b259e61494808476d1286993c8a26c&chksm=be9cd82489eb5132f16a153ad33e2f257d33abc58ac4832f8a4d31f1eba09fbcda52c67f4ac1&scene=27#wechat_redirect,2017-03-16T18:08:14.000Z,1434,24,0,1,刘志军,2018-01-17T18:00:16.784Z,2018-01-17T18:25:21.508Z,
"不要再问 ""Python 函数中，参数是传值，还是传引用？"" 这种没有意义的问题了",http://mp.weixin.qq.com/s?__biz=MjM5MzgyODQxMQ==&mid=2650366829&idx=1&sn=8d8f4f6e4076a86b747f3cec7ae3c28b&chksm=be9cd83989eb512f042d6d60a074e946abf5cbf393e9b75dd5e8d44818349576953cba18b73d&scene=27#wechat_redirect,2017-03-14T07:41:03.000Z,2272,43,0,5,刘志军,2018-01-17T18:00:16.785Z,2018-01-17T18:25:22.748Z,
看完这篇，你就明白生成器是什么,http://mp.weixin.qq.com/s?__biz=MjM5MzgyODQxMQ==&mid=2650366819&idx=1&sn=a2a736b21492fa60fdca54f2ac2fd7ff&chksm=be9cd83789eb5121d7658c7bd8e224ccb309986eac0df031d5d3f2318e44a843d938aa939aa4&scene=27#wechat_redirect,2017-03-10T18:20:31.000Z,2003,40,0,3,刘志军,2018-01-17T18:00:18.998Z,2018-01-17T18:25:23.963Z,
代码这样写不止于优雅(Python版),http://mp.weixin.qq.com/s?__biz=MjM5MzgyODQxMQ==&mid=2650366816&idx=1&sn=920adb8bc7eff0ea39ba05c570ceab20&chksm=be9cd83489eb51224040a7ee12a7b4e3a7095936a5cbfc41a812085fb041fbe00f76f0fecb3f&scene=27#wechat_redirect,2017-03-08T18:19:04.000Z,4132,37,0,3,刘志军,2018-01-17T18:00:19.000Z,2018-01-17T18:25:25.174Z,
一份来自掘金社区的开发者报告,http://mp.weixin.qq.com/s?__biz=MjM5MzgyODQxMQ==&mid=2650366810&idx=1&sn=855d11024d5581279813e5bc73ff7c4c&chksm=be9cd80e89eb5118cdfa04c6fc308c94a2604ecb3dd195c5eed0fc62256b0fd2c8011cce3c3c&scene=27#wechat_redirect,2017-03-07T07:38:24.000Z,1083,15,0,7,刘志军,2018-01-17T18:00:19.002Z,2018-01-17T18:25:26.415Z,
代码这样写更优雅(Python版),http://mp.weixin.qq.com/s?__biz=MjM5MzgyODQxMQ==&mid=2650366799&idx=1&sn=47731ca28976e67bbc0ed53d00698bcc&chksm=be9cd81b89eb510d07d3378ff4743deed4e4f5e9489de2019abcd9eeb77ceb93edab742f173c&scene=27#wechat_redirect,2017-03-01T20:04:14.000Z,4309,71,0,7,刘志军,2018-01-17T18:00:19.004Z,2018-01-17T18:25:27.650Z,
最通俗易懂地解释：正向代理与反向代理,http://mp.weixin.qq.com/s?__biz=MjM5MzgyODQxMQ==&mid=2650366790&idx=1&sn=3b5d390d07445745e067334365873a18&chksm=be9cd81289eb510499dd029f91a302a2e08f0c4bbed13c7a47d33d2f1b6a91eebc6199b141b9&scene=27#wechat_redirect,2017-02-20T21:21:18.000Z,1348,37,0,4,\b刘志军,2018-01-17T18:00:19.006Z,2018-01-17T18:25:28.878Z,
\b理解HTTPS为什么安全前，先看看这些东西,http://mp.weixin.qq.com/s?__biz=MjM5MzgyODQxMQ==&mid=2650366788&idx=1&sn=d3280f43e87dff3b461342ea225f4431&chksm=be9cd81089eb51067bd6db545b6f013189bb8e4909b3e0742a357403698f49c46e73e1b3b9c4&scene=27#wechat_redirect,2017-02-17T20:55:52.000Z,1023,10,0,5,刘志军,2018-01-17T18:00:19.008Z,2018-01-17T18:25:30.135Z,
用 Python 送“爱心”,http://mp.weixin.qq.com/s?__biz=MjM5MzgyODQxMQ==&mid=2650366775&idx=1&sn=3fbf6f64304e528ddad88c0f6eb922e1&chksm=be9cd86389eb5175882c5666ac5ee7fe936a7b32b705244a87ce34eadfdf33f5a11236be4445&scene=27#wechat_redirect,2017-02-15T17:31:35.000Z,1361,19,0,1,刘志军,2018-01-17T18:00:19.010Z,2018-01-17T18:25:31.343Z,
Python 开发者都会遇到的错误：UnboundLocalError,http://mp.weixin.qq.com/s?__biz=MjM5MzgyODQxMQ==&mid=2650366767&idx=1&sn=fbd95b4475c48734ec6613e1515b1c7e&chksm=be9cd87b89eb516d2453a64b789cfef21c9544349ff051c4d313d7191628863a93339f541c72&scene=27#wechat_redirect,2017-02-13T20:37:18.000Z,1352,27,0,1,刘志军,2018-01-17T18:00:19.013Z,2018-01-17T18:25:32.548Z,
Python 爬虫：把廖雪峰的教程转换成 PDF 电子书,http://mp.weixin.qq.com/s?__biz=MjM5MzgyODQxMQ==&mid=2650366762&idx=1&sn=bfe7c2b4df42ff8669d6963602a0a9e1&chksm=be9cd87e89eb5168232334ef8cb164341138c6b8223464fe90eaf165691ba0751dfe1bec9f00&scene=27#wechat_redirect,2017-02-09T21:00:16.000Z,5157,59,0,3,刘志军,2018-01-17T18:00:19.016Z,2018-01-17T18:25:33.799Z,
Python 编码错误的\b本质原因,http://mp.weixin.qq.com/s?__biz=MjM5MzgyODQxMQ==&mid=2650366755&idx=1&sn=aebf42e57c86d232efd79d39011e595f&chksm=be9cd87789eb51615776657d74c9a46accd5b5a699a49dc3880e43a4cb4eb46edbf4ae3e5454&scene=27#wechat_redirect,2017-02-07T19:37:05.000Z,1120,17,0,6,刘志军,2018-01-17T18:00:21.219Z,2018-01-17T18:25:35.035Z,
Python干货：表达式 i += x 与 i = i + x 等价吗？,http://mp.weixin.qq.com/s?__biz=MjM5MzgyODQxMQ==&mid=2650366751&idx=1&sn=235146e5925f5127881856106dd778a1&chksm=be9cd84b89eb515d9c9916b56654f263b1e34dbcb5b2ad9aafcd4930b01c01122affc4ec3587&scene=27#wechat_redirect,2017-02-05T07:42:51.000Z,1243,16,0,2,from,2018-01-17T18:00:21.220Z,2018-01-17T18:25:36.268Z,
有了这些 Chrome 插件，效率提升10倍（建议收藏）,http://mp.weixin.qq.com/s?__biz=MjM5MzgyODQxMQ==&mid=2650366743&idx=1&sn=ca4aa63d00414ca0493ab6b540b6c09e&chksm=be9cd84389eb5155ee44d0267909495fcb911a44d23ba42172b60dbbd3b836f3a62db1059a4e&scene=27#wechat_redirect,2017-02-04T07:46:40.000Z,1267,20,0,0,from,2018-01-17T18:00:21.221Z,2018-01-17T18:38:45.245Z,
看完这篇文章你还不理解 Python 装饰器，只有一种可能...,http://mp.weixin.qq.com/s?__biz=MjM5MzgyODQxMQ==&mid=2650366742&idx=1&sn=f079b4b89bb1a442c5ef365013cce952&chksm=be9cd84289eb5154d8cc623121011d8b4906e37d435cb16db041c97909e721634b83aca24f0b&scene=27#wechat_redirect,2017-01-16T11:42:05.000Z,1885,33,0,2,from,2018-01-17T18:00:21.222Z,2018-01-17T18:38:46.515Z,
为什么执行 x in range(y) 如此快？,http://mp.weixin.qq.com/s?__biz=MjM5MzgyODQxMQ==&mid=2650366739&idx=1&sn=b2d65f540be79de79fc2d07344abf8ea&chksm=be9cd84789eb5151b43db866d5986d88a7392cb0615605abfa1d50736b6eaa0cdae0d5c0ba49&scene=27#wechat_redirect,2017-01-13T19:24:11.000Z,1114,14,0,0,from,2018-01-17T18:00:21.222Z,2018-01-17T18:38:47.758Z,
冷眼看小程序,http://mp.weixin.qq.com/s?__biz=MjM5MzgyODQxMQ==&mid=2650366727&idx=1&sn=e0ac6afa81e3e80902d4a4996f328892&chksm=be9cd85389eb5145a4f7c61bf227640b1ac55327149d00b484159f23b3e84afbd229f5a69a47&scene=27#wechat_redirect,2017-01-10T07:25:26.000Z,467,3,0,0,from,2018-01-17T18:00:21.223Z,2018-01-17T18:38:48.960Z,
你要的微信小程序终于来了,http://mp.weixin.qq.com/s?__biz=MjM5MzgyODQxMQ==&mid=2650366723&idx=1&sn=0a5f38672630e7738745c5f113ef998d&chksm=be9cd85789eb5141b0239702b35e678132e85d0908c2cb510343e59b511063a860fad960cea9&scene=27#wechat_redirect,2017-01-09T01:40:12.000Z,670,3,0,0,from,2018-01-17T18:00:21.224Z,2018-01-17T18:38:50.186Z,
我的2016书单,http://mp.weixin.qq.com/s?__biz=MjM5MzgyODQxMQ==&mid=2650366719&idx=1&sn=8ff2d43f1a5a55dcef650e5a09d6f19f&chksm=be9cd9ab89eb50bd151e9a7297e6558f265e72a2d9e2012db8d700637e8edb8a7bbcecdd0c7e&scene=27#wechat_redirect,2017-01-05T19:36:00.000Z,848,7,0,0,from,2018-01-17T18:00:21.225Z,2018-01-17T18:38:51.393Z,
Python解惑之：True与False,http://mp.weixin.qq.com/s?__biz=MjM5MzgyODQxMQ==&mid=2650366715&idx=1&sn=7d4b128ae04334b16c065ed27e83cbd0&chksm=be9cd9af89eb50b9b4764e7175928e9c605fc031ee8bb6432075cfaf4fc5eabd45dc40d6d240&scene=27#wechat_redirect,2017-01-03T18:30:30.000Z,602,8,0,0,from,2018-01-17T18:00:21.226Z,2018-01-17T18:38:52.639Z,
Python解惑之：整数比较,http://mp.weixin.qq.com/s?__biz=MjM5MzgyODQxMQ==&mid=2650366710&idx=1&sn=50712d8e47a81c1de33b9a20479f14cd&chksm=be9cd9a289eb50b43dc7e84371ba39b0efcb6da9e79e30501b1ea9193e0900afb5d08809ff52&scene=27#wechat_redirect,2016-12-29T07:02:23.000Z,461,7,0,0,from,2018-01-17T18:00:23.436Z,2018-01-17T18:38:53.859Z,
正向代理与反向代理有什么区别,http://mp.weixin.qq.com/s?__biz=MjM5MzgyODQxMQ==&mid=2650366706&idx=1&sn=f5d4f2845d208293d8515557428a0a5a&chksm=be9cd9a689eb50b0e7bcc0fa18454fe128a3cc02655c433defed5dcce79a32d5901a5b7ea702&scene=27#wechat_redirect,2016-12-20T20:26:09.000Z,581,14,0,3,by,2018-01-17T18:00:23.437Z,2018-01-17T18:38:55.081Z,
理解 Python 迭代对象、迭代器、生成器,http://mp.weixin.qq.com/s?__biz=MjM5MzgyODQxMQ==&mid=2650366698&idx=1&sn=748bd7b7714f3b628b5758670bfcad44&chksm=be9cd9be89eb50a8e2e399382fd5de317a6de37c2907dfc6f8833dd7b627d9f5edb4495fd543&scene=27#wechat_redirect,2016-12-15T07:35:15.000Z,1125,20,0,1,from,2018-01-17T18:00:23.438Z,2018-01-17T18:38:56.343Z,
字典对象的pythonic用法：下篇,http://mp.weixin.qq.com/s?__biz=MjM5MzgyODQxMQ==&mid=2650366696&idx=1&sn=077fbf12b24f45fdfcc834addb4854f3&chksm=be9cd9bc89eb50aadd29f5ed355830249c087754b8c7ab4552ec7bc57426663ea16981bcf07a&scene=27#wechat_redirect,2016-12-13T20:25:36.000Z,188,3,0,0,from,2018-01-17T18:00:23.439Z,2018-01-17T18:38:57.551Z,
字典对象的Pythonic用法：上篇,http://mp.weixin.qq.com/s?__biz=MjM5MzgyODQxMQ==&mid=2650366695&idx=1&sn=fef6ffabf9f6a2b4dea13f55ec97642b&chksm=be9cd9b389eb50a588515278bca55a189cc959cfcc8108b70bed9edfcd847bf0be8660aeca94&scene=27#wechat_redirect,2016-12-12T20:51:51.000Z,395,4,0,0,from,2018-01-17T18:00:23.439Z,2018-01-17T18:38:58.768Z,
史蒂夫·乔布斯： 一半天才，一半混蛋,http://mp.weixin.qq.com/s?__biz=MjM5MzgyODQxMQ==&mid=2650366690&idx=1&sn=a20eee6daa98e0a9b339db2f75f16369&chksm=be9cd9b689eb50a0075f22d0bd5080682dbddb51855679d207106059185239b6f0656fe327df&scene=27#wechat_redirect,2016-12-09T20:29:18.000Z,189,3,0,0,by,2018-01-17T18:00:23.440Z,2018-01-17T18:38:59.989Z,
Python垃圾回收机制,http://mp.weixin.qq.com/s?__biz=MjM5MzgyODQxMQ==&mid=2650366687&idx=1&sn=1334855a77c11610029dc39d38f0de6c&chksm=be9cd98b89eb509d0e938c05ea2af96fb6dbf766d9aebe2e2c9728bb31c1808fbd0154d94bfa&scene=27#wechat_redirect,2016-12-08T22:10:55.000Z,434,4,0,1,by,2018-01-17T18:00:23.441Z,2018-01-17T18:39:01.228Z,
好玩的Python彩蛋,http://mp.weixin.qq.com/s?__biz=MjM5MzgyODQxMQ==&mid=2650366680&idx=1&sn=770b4dc53504aea33543ea69d340b1e9&chksm=be9cd98c89eb509aea929d823156c99fe70ea55ea12f5b9aee9bd277b9e8fd87f1c8bc734844&scene=27#wechat_redirect,2016-12-06T20:41:54.000Z,1316,17,0,0,by,2018-01-17T18:00:25.654Z,2018-01-17T18:39:02.479Z,
HTTP中的分块传输编码是怎么回事？,http://mp.weixin.qq.com/s?__biz=MjM5MzgyODQxMQ==&mid=2650366676&idx=1&sn=c00d56dad8bd91eafd06feef87fd7d23&chksm=be9cd98089eb5096c49e5b5ec87c5eac7553a62d3faea7db95cfc8401af4b9ca0799643161a7&scene=27#wechat_redirect,2016-12-05T20:45:20.000Z,152,3,0,0,by,2018-01-17T18:00:25.655Z,2018-01-17T18:39:03.694Z,
共享单车哪家强,http://mp.weixin.qq.com/s?__biz=MjM5MzgyODQxMQ==&mid=2650366671&idx=1&sn=db3bcb8f93825ae830eb17e09338e434&chksm=be9cd99b89eb508db74a3cadc38420ea90286b73ca121105c379e26591f4f88a4d4d52bab6db&scene=27#wechat_redirect,2016-12-03T11:32:04.000Z,305,3,0,1,@,2018-01-17T18:00:25.657Z,2018-01-17T18:39:04.923Z,
PYTHON编码的前世今生,http://mp.weixin.qq.com/s?__biz=MjM5MzgyODQxMQ==&mid=2650366668&idx=1&sn=7df7b4b6a9f1c2445500219f6685209c&chksm=be9cd99889eb508eb2029d971d86a226a2742c83a309071f506c2e79f10f8441a81df64969e1&scene=27#wechat_redirect,2016-12-02T18:18:58.000Z,249,2,0,0,@,2018-01-17T18:00:25.658Z,2018-01-17T18:39:06.119Z,http://foofish.net/python-character-encode.html
​一道面试题：说说进程和线程的区别,http://mp.weixin.qq.com/s?__biz=MjM5MzgyODQxMQ==&mid=2650366654&idx=1&sn=37904eaf0469949a7b4377577a5dc58e&chksm=be9cd9ea89eb50fc400fdebca28766ff4a19afde58502d5f4d8055da921169c39dc1c7d80763&scene=27#wechat_redirect,2016-12-01T19:04:31.000Z,846,13,0,1,lzjun,2018-01-17T18:00:25.659Z,2018-01-17T18:39:07.344Z,
再见，广州,http://mp.weixin.qq.com/s?__biz=MjM5MzgyODQxMQ==&mid=2650366646&idx=1&sn=808a61d61e4e6329041142bf6ba2b017&scene=27#wechat_redirect,2016-04-14T07:14:08.000Z,499,17,0,5,陆君,2018-01-17T18:00:25.660Z,2018-01-17T18:39:08.590Z,
遇到SB领导怎么办？,http://mp.weixin.qq.com/s?__biz=MjM5MzgyODQxMQ==&mid=2650366643&idx=1&sn=b2754b7025c481afdf379a06f703d797&scene=27#wechat_redirect,2016-04-08T08:16:04.000Z,397,4,0,0,陆君,2018-01-17T18:00:25.661Z,2018-01-17T18:39:09.783Z,
面试中的道与术,http://mp.weixin.qq.com/s?__biz=MjM5MzgyODQxMQ==&mid=402882992&idx=1&sn=ff48b1c443558f3de2c7e60ca17aea96&scene=27#wechat_redirect,2016-03-29T22:55:27.000Z,370,6,0,0,陆君,2018-01-17T18:00:25.662Z,2018-01-17T18:39:11.001Z,
你那里能访问Google吗？,http://mp.weixin.qq.com/s?__biz=MjM5MzgyODQxMQ==&mid=402734937&idx=1&sn=2712af542159eb6958174d9387d1e8d7&scene=27#wechat_redirect,2016-03-23T23:31:46.000Z,486,8,0,0,陆君,2018-01-17T18:00:25.663Z,2018-01-17T18:39:12.196Z,https://github.com/racaljk/hosts
当你感到累觉得坚持不下去时，一定要看看这些！,http://mp.weixin.qq.com/s?__biz=MjM5MzgyODQxMQ==&mid=402688620&idx=1&sn=80d8f704b614f3670734c923b0731361&scene=27#wechat_redirect,2016-03-22T23:59:24.000Z,286,5,0,0,,2018-01-17T18:00:25.663Z,2018-01-17T18:39:13.390Z,
Stack Overflow 2016年度报告中有哪些有趣的事实？,http://mp.weixin.qq.com/s?__biz=MjM5MzgyODQxMQ==&mid=402614662&idx=1&sn=6d5f1aa77db9e90a2eedce4229f062a7&scene=27#wechat_redirect,2016-03-20T21:31:09.000Z,210,5,0,0,陆君,2018-01-17T18:00:27.841Z,2018-01-17T18:39:14.577Z,
Vim寄存器,http://mp.weixin.qq.com/s?__biz=MjM5MzgyODQxMQ==&mid=402578924&idx=1&sn=7d8f9141f4e390b012f6a041a2137efb&scene=27#wechat_redirect,2016-03-19T21:54:29.000Z,401,6,0,0,陆君,2018-01-17T18:00:27.842Z,2018-01-17T18:39:15.765Z,
给你个药引子，别人就不知道你是程序员了,http://mp.weixin.qq.com/s?__biz=MjM5MzgyODQxMQ==&mid=402439033&idx=1&sn=8a78f738f1b3fdfdc5d3b7e30b4060ea&scene=27#wechat_redirect,2016-03-18T12:28:36.000Z,231,7,0,0,,2018-01-17T18:00:27.843Z,2018-01-17T18:39:16.980Z,
Vim自动补全,http://mp.weixin.qq.com/s?__biz=MjM5MzgyODQxMQ==&mid=402432989&idx=1&sn=ec5ab61ed0ca57b331096c293a2eef3f&scene=27#wechat_redirect,2016-03-17T21:28:57.000Z,490,3,0,0,,2018-01-17T18:00:27.844Z,2018-01-17T18:39:18.176Z,
程序员的鄙视链到底有多惨烈,http://mp.weixin.qq.com/s?__biz=MjM5MzgyODQxMQ==&mid=402421631&idx=1&sn=705d4ab599988b4bdb0fb2cd268eb7ce&scene=27#wechat_redirect,2016-03-16T23:25:28.000Z,457,8,0,0,,2018-01-17T18:00:27.845Z,2018-01-17T18:39:19.357Z,
Vim入门–重新加载,http://mp.weixin.qq.com/s?__biz=MjM5MzgyODQxMQ==&mid=402376858&idx=1&sn=41f8dbd7ee23cd5b27ead6593a8371d1&scene=27#wechat_redirect,2016-03-12T16:08:43.000Z,208,3,0,0,小V,2018-01-17T18:00:27.845Z,2018-01-17T18:39:20.566Z,
坐得越久 死得越快,http://mp.weixin.qq.com/s?__biz=MjM5MzgyODQxMQ==&mid=402368095&idx=1&sn=012c206c677a9a25a6cfed5d0065d817&scene=27#wechat_redirect,2016-03-11T16:05:42.000Z,186,3,0,0,vaikan,2018-01-17T18:00:27.846Z,2018-01-17T18:39:21.762Z,
程序员的十大谎言,http://mp.weixin.qq.com/s?__biz=MjM5MzgyODQxMQ==&mid=402361016&idx=1&sn=5a83d048f6c44dc096b86e7c9384ac5c&scene=27#wechat_redirect,2016-03-10T20:14:02.000Z,231,5,0,0,,2018-01-17T18:00:27.847Z,2018-01-17T18:39:22.963Z,
Vim入门–替换命令,http://mp.weixin.qq.com/s?__biz=MjM5MzgyODQxMQ==&mid=402347349&idx=1&sn=b2afa09a8d70cfdbd81055adf9d282f8&scene=27#wechat_redirect,2016-03-09T19:27:19.000Z,225,6,0,0,小V,2018-01-17T18:00:27.848Z,2018-01-17T18:39:24.171Z,
程序员为何喜欢半夜工作？,http://mp.weixin.qq.com/s?__biz=MjM5MzgyODQxMQ==&mid=402335574&idx=1&sn=07eee62e5e9b606bc7ba197f96e68fcf&scene=27#wechat_redirect,2016-03-08T23:38:08.000Z,158,6,0,0,果子York,2018-01-17T18:00:27.849Z,2018-01-17T18:39:25.381Z,
Vim入门–搜索命令,http://mp.weixin.qq.com/s?__biz=MjM5MzgyODQxMQ==&mid=402307904&idx=1&sn=759853159b31b541baf63b82c29783eb&scene=27#wechat_redirect,2016-03-07T08:27:57.000Z,249,3,0,0,小V,2018-01-17T18:00:30.053Z,2018-01-17T18:39:26.570Z,
什么样的团队才是理想的团队,http://mp.weixin.qq.com/s?__biz=MjM5MzgyODQxMQ==&mid=402265914&idx=1&sn=0cb591bfe882a9bb4e741c5e042b91f5&scene=27#wechat_redirect,2016-03-04T21:47:26.000Z,124,4,0,0,VV,2018-01-17T18:00:30.054Z,2018-01-17T18:39:27.752Z,
Vim入门：基础进阶,http://mp.weixin.qq.com/s?__biz=MjM5MzgyODQxMQ==&mid=402238071&idx=1&sn=9edac69b9f7bd69813d60247bed36a2c&scene=27#wechat_redirect,2016-03-02T22:23:14.000Z,229,5,0,0,小V,2018-01-17T18:00:30.055Z,2018-01-17T18:39:28.946Z,
"程序员最讨厌的事情,你知道吗?",http://mp.weixin.qq.com/s?__biz=MjM5MzgyODQxMQ==&mid=402216641&idx=1&sn=06bb1fc2e11d018cfdd122034377e6ed&scene=27#wechat_redirect,2016-03-01T19:25:36.000Z,148,6,0,0,小V,2018-01-17T18:00:30.056Z,2018-01-17T18:39:30.162Z,
VIM千里之行始于指尖,http://mp.weixin.qq.com/s?__biz=MjM5MzgyODQxMQ==&mid=402199814&idx=1&sn=d843910ea08b59fe57572bf68a97a65e&scene=27#wechat_redirect,2016-02-29T18:49:33.000Z,222,3,0,0,foofish,2018-01-17T18:00:30.056Z,2018-01-17T18:39:31.350Z,
为什么全栈工程师不喜欢被这样称呼,http://mp.weixin.qq.com/s?__biz=MjM5MzgyODQxMQ==&mid=402177744&idx=1&sn=45137cc6b8c1e58f0edf777262a4cc89&scene=27#wechat_redirect,2016-02-28T14:27:25.000Z,222,9,0,0,Walter Zhang,2018-01-17T18:00:30.058Z,2018-01-17T18:39:32.564Z,
高效率编辑器 VIM，非常适合 VIM 新手,http://mp.weixin.qq.com/s?__biz=MjM5MzgyODQxMQ==&mid=402163777&idx=1&sn=41d87fb1414caa76aa53f35ee0aec03d&scene=27#wechat_redirect,2016-02-27T13:03:34.000Z,380,4,0,0,toy,2018-01-17T18:00:30.060Z,2018-01-17T18:39:33.751Z,
Python列表对象实现原理,http://mp.weixin.qq.com/s?__biz=MjM5MzgyODQxMQ==&mid=400909239&idx=1&sn=947e018a3fbc9c933043a8d1cca0eddd&scene=27#wechat_redirect,2015-12-19T21:29:59.000Z,140,7,0,0,foofish,2018-01-17T18:00:30.061Z,2018-01-17T18:39:34.934Z,http://foofish.net/blog/91/python-list-implements
Python字符串实现原理,http://mp.weixin.qq.com/s?__biz=MjM5MzgyODQxMQ==&mid=400772547&idx=1&sn=09d3fd224bdc514933c82e03d2e9d376&scene=27#wechat_redirect,2015-12-11T12:21:23.000Z,125,4,0,0,foofish,2018-01-17T18:00:30.062Z,2018-01-17T18:39:36.122Z,http://foofish.net/blog/90/python_str_inplements
Python 整数对象实现原理,http://mp.weixin.qq.com/s?__biz=MjM5MzgyODQxMQ==&mid=400703450&idx=1&sn=fbce6ce04066fb63155e18dc62da0fba&scene=27#wechat_redirect,2015-12-09T17:10:06.000Z,147,5,0,0,foofish,2018-01-17T18:00:30.063Z,2018-01-17T18:51:41.141Z,http://foofish.net/blog/89/python_int_implement
开发者利器（vim&zsh）终结配置,http://mp.weixin.qq.com/s?__biz=MjM5MzgyODQxMQ==&mid=201835341&idx=1&sn=b88cdfe470db01fcd872967d7b141cea&scene=27#wechat_redirect,2014-12-05T21:14:00.000Z,596,5,0,0,,2018-01-17T18:00:32.271Z,2018-01-17T18:51:42.337Z,
编程路漫漫其修远兮,http://mp.weixin.qq.com/s?__biz=MjM5MzgyODQxMQ==&mid=201725125&idx=1&sn=aca2360c810b9e0c381819349fc59e46&scene=27#wechat_redirect,2014-12-02T01:40:32.000Z,291,5,0,0,,2018-01-17T18:00:32.272Z,2018-01-17T18:51:43.519Z,
Python的前世与今生,http://mp.weixin.qq.com/s?__biz=MjM5MzgyODQxMQ==&mid=201708721&idx=1&sn=8d0a8c681abac9b5b160b7adf49951c3&scene=27#wechat_redirect,2014-12-01T12:59:51.000Z,304,3,0,0,Vamei,2018-01-17T18:00:32.273Z,2018-01-17T18:51:44.711Z,http://v.youku.com/v_show/id_XNTExOTc1NTU2.html
理解Python中__dict__是怎样一种体验,http://mp.weixin.qq.com/s?__biz=MjM5MzgyODQxMQ==&mid=201578838&idx=1&sn=05ec3d1922d7333b82e4b4e9dd7e6d02&scene=27#wechat_redirect,2014-11-25T22:09:37.000Z,228,2,0,0,,2018-01-17T18:00:32.274Z,2018-01-17T18:51:45.901Z,http://stackoverflow.com/questions/472000/python-slots
​Python赋值一切对象皆传址,http://mp.weixin.qq.com/s?__biz=MjM5MzgyODQxMQ==&mid=201517151&idx=1&sn=7ac4c6e619dde9283f59d203ceb09a3e&scene=27#wechat_redirect,2014-11-23T19:24:11.000Z,249,7,0,0,,2018-01-17T18:00:32.275Z,2018-01-17T18:51:47.102Z,http://www.wklken.me/posts/2014/08/06/python-source-int.html
人生苦短，我用Python,http://mp.weixin.qq.com/s?__biz=MjM5MzgyODQxMQ==&mid=201466555&idx=1&sn=700940ce3c60701904474e22cde19c96&scene=27#wechat_redirect,2014-11-20T22:07:08.000Z,818,4,0,0,,2018-01-17T18:00:32.276Z,2018-01-17T18:51:48.302Z,http://code.google.com/edu/languages/google-python-class/
c命令,http://mp.weixin.qq.com/mp/appmsg/show?__biz=MjM5MzgyODQxMQ==&appmsgid=10000013&itemidx=1&sign=0ea2d6a1c5f666dce5bccd93481e0324&scene=27#wechat_redirect,2013-05-30T19:06:37.000Z,165,0,0,0,,2018-01-17T18:00:32.276Z,2018-01-17T18:51:49.499Z,
Vim 《替换》,http://mp.weixin.qq.com/mp/appmsg/show?__biz=MjM5MzgyODQxMQ==&appmsgid=10000009&itemidx=1&sign=08cc72a334e2e9db72c3557faf4ee70d&scene=27#wechat_redirect,2013-05-29T00:15:57.000Z,312,3,0,0,,2018-01-17T18:00:32.277Z,2018-01-17T18:51:50.697Z,http://zpz.name/wp-content/uploads/2012/04/vi_tutorial.png
